,Genre_id,Genre_name,playlist_id,track_id
0,0JQ5DAqbMKFHOzuVTgTizF,Dance/Electronic,37i9dQZF1DXbraCN8mShma,51FvjPEGKq2zByeeEQ43V9
1,0JQ5DAqbMKFHOzuVTgTizF,Dance/Electronic,37i9dQZF1DXbraCN8mShma,32il27dOrLpIru8Evp4Pu7
2,0JQ5DAqbMKFHOzuVTgTizF,Dance/Electronic,37i9dQZF1DXbraCN8mShma,10xV5l9nhLvFpR8mqzs0bL
3,0JQ5DAqbMKFHOzuVTgTizF,Dance/Electronic,37i9dQZF1DXbraCN8mShma,4qu63nuBpdn0qHUHuObEj1
4,0JQ5DAqbMKFHOzuVTgTizF,Dance/Electronic,37i9dQZF1DXbraCN8mShma,2dpaYNEQHiRxtZbfNsse99
5,0JQ5DAqbMKFHOzuVTgTizF,Dance/Electronic,37i9dQZF1DXbraCN8mShma,2Y0wPrPQBrGhoLn14xRYCG
6,0JQ5DAqbMKFHOzuVTgTizF,Dance/Electronic,37i9dQZF1DXbraCN8mShma,7vGuf3Y35N4wmASOKLUVVU
7,0JQ5DAqbMKFHOzuVTgTizF,Dance/Electronic,37i9dQZF1DXbraCN8mShma,0tBbt8CrmxbjRP0pueQkyU
8,0JQ5DAqbMKFHOzuVTgTizF,Dance/Electronic,37i9dQZF1DXbraCN8mShma,08bNPGLD8AhKpnnERrAc6G
9,0JQ5DAqbMKFHOzuVTgTizF,Dance/Electronic,37i9dQZF1DXbraCN8mShma,3Z8FwOEN59mRMxDCtb8N0A
10,0JQ5DAqbMKFHOzuVTgTizF,Dance/Electronic,37i9dQZF1DXbraCN8mShma,0ada5XsQGLPUVbmTCkAP49
11,0JQ5DAqbMKFHOzuVTgTizF,Dance/Electronic,37i9dQZF1DXbraCN8mShma,0zzVTGyRrWpQu8Fr28NRAv
12,0JQ5DAqbMKFHOzuVTgTizF,Dance/Electronic,37i9dQZF1DXbraCN8mShma,5icOoE6VgqFKohjWWNp0Ac
13,0JQ5DAqbMKFHOzuVTgTizF,Dance/Electronic,37i9dQZF1DXbraCN8mShma,6XO8RlYuJCiI0v3IA48FeJ
14,0JQ5DAqbMKFHOzuVTgTizF,Dance/Electronic,37i9dQZF1DXbraCN8mShma,4hPpVbbakQNv8YTHYaOJP4
15,0JQ5DAqbMKFHOzuVTgTizF,Dance/Electronic,37i9dQZF1DXbraCN8mShma,3MEYFivt6bilQ9q9mFWZ4g
16,0JQ5DAqbMKFHOzuVTgTizF,Dance/Electronic,37i9dQZF1DXbraCN8mShma,6y6xhAgZjvxy5kR5rigpY3
17,0JQ5DAqbMKFHOzuVTgTizF,Dance/Electronic,37i9dQZF1DXbraCN8mShma,3sOGVdj5VPY6C2XImtlzj7
18,0JQ5DAqbMKFHOzuVTgTizF,Dance/Electronic,37i9dQZF1DXbraCN8mShma,6VrCmhRBFnuGKmtNfk4jDs
19,0JQ5DAqbMKFHOzuVTgTizF,Dance/Electronic,37i9dQZF1DXbraCN8mShma,1GkHyypTFkUf0QQKwYoXH4
20,0JQ5DAqbMKFHOzuVTgTizF,Dance/Electronic,37i9dQZF1DXbraCN8mShma,6ctmKiHf2CcHQLwT7g4jpc
21,0JQ5DAqbMKFHOzuVTgTizF,Dance/Electronic,37i9dQZF1DXbraCN8mShma,6zOhgKfbMiQWToE6K13s2s
22,0JQ5DAqbMKFHOzuVTgTizF,Dance/Electronic,37i9dQZF1DXbraCN8mShma,7uIgmq5lixaNDaYcUDSsC3
23,0JQ5DAqbMKFHOzuVTgTizF,Dance/Electronic,37i9dQZF1DXbraCN8mShma,2O6kwqT9Hb38PhHwbCNfOh
24,0JQ5DAqbMKFHOzuVTgTizF,Dance/Electronic,37i9dQZF1DXbraCN8mShma,6GSkLS2y4ZnnZsuRAj975K
25,0JQ5DAqbMKFHOzuVTgTizF,Dance/Electronic,37i9dQZF1DXbraCN8mShma,1B20Y81JY3iDswuskNvBrm
26,0JQ5DAqbMKFHOzuVTgTizF,Dance/Electronic,37i9dQZF1DXbraCN8mShma,5rK0pyEObO4DBFLy682QvR
27,0JQ5DAqbMKFHOzuVTgTizF,Dance/Electronic,37i9dQZF1DXbraCN8mShma,3S6VRZQYwuPIllMmYdAj66
28,0JQ5DAqbMKFHOzuVTgTizF,Dance/Electronic,37i9dQZF1DXbraCN8mShma,0nhVrTiCGiGRCoZOJiWzm1
29,0JQ5DAqbMKFHOzuVTgTizF,Dance/Electronic,37i9dQZF1DXbraCN8mShma,35rozLoS6QLE8HX8qswM3k
30,0JQ5DAqbMKFHOzuVTgTizF,Dance/Electronic,37i9dQZF1DXbraCN8mShma,7jzldCBnJjpJM3epzJ85KE
31,0JQ5DAqbMKFHOzuVTgTizF,Dance/Electronic,37i9dQZF1DXbraCN8mShma,39umHdGKfpnjY4TFtnoQ51
32,0JQ5DAqbMKFHOzuVTgTizF,Dance/Electronic,37i9dQZF1DXbraCN8mShma,244AoGCbxOWUhaRzTR7Spz
33,0JQ5DAqbMKFHOzuVTgTizF,Dance/Electronic,37i9dQZF1DXbraCN8mShma,2M2Pug4zwMialHSwACPlU1
34,0JQ5DAqbMKFHOzuVTgTizF,Dance/Electronic,37i9dQZF1DXbraCN8mShma,0Q3SC6kEhxYagDP3bFe5K9
35,0JQ5DAqbMKFHOzuVTgTizF,Dance/Electronic,37i9dQZF1DXbraCN8mShma,2HO0uCyq8jOveEzvmo4JEu
36,0JQ5DAqbMKFHOzuVTgTizF,Dance/Electronic,37i9dQZF1DXbraCN8mShma,71TRhiwsRckqoqO9CcDIE6
37,0JQ5DAqbMKFHOzuVTgTizF,Dance/Electronic,37i9dQZF1DXbraCN8mShma,1VxogbO6bfygdfaCnE9oLb
38,0JQ5DAqbMKFHOzuVTgTizF,Dance/Electronic,37i9dQZF1DXbraCN8mShma,5ip3FCi89E2eDtId6kcJmo
39,0JQ5DAqbMKFHOzuVTgTizF,Dance/Electronic,37i9dQZF1DXbraCN8mShma,1iyXU0LHY9Irw7oohGf7hb
40,0JQ5DAqbMKFHOzuVTgTizF,Dance/Electronic,37i9dQZF1DXbraCN8mShma,1Hk0QRlUFCHYG6zIvUh0Xd
41,0JQ5DAqbMKFHOzuVTgTizF,Dance/Electronic,37i9dQZF1DXbraCN8mShma,18YRKiIZO4qDEc5Ik0Cry6
42,0JQ5DAqbMKFHOzuVTgTizF,Dance/Electronic,37i9dQZF1DXbraCN8mShma,3QNG9RhD93ypeMp3DUmkaO
43,0JQ5DAqbMKFHOzuVTgTizF,Dance/Electronic,37i9dQZF1DXbraCN8mShma,2OYfxjLnQuPo7Co1WH0Z1S
44,0JQ5DAqbMKFHOzuVTgTizF,Dance/Electronic,37i9dQZF1DXbraCN8mShma,3AUW7mAGx1BICBWqsuFgh4
45,0JQ5DAqbMKFHOzuVTgTizF,Dance/Electronic,37i9dQZF1DXbraCN8mShma,6Ehy8wRUYjAZcMMRCxMZVM
46,0JQ5DAqbMKFHOzuVTgTizF,Dance/Electronic,37i9dQZF1DXbraCN8mShma,04AYgtKFrpldRXe5y0LNGQ
47,0JQ5DAqbMKFHOzuVTgTizF,Dance/Electronic,37i9dQZF1DXbraCN8mShma,6Hx9gLuAKkOfoZoL79OSI1
48,0JQ5DAqbMKFHOzuVTgTizF,Dance/Electronic,37i9dQZF1DXbraCN8mShma,1gt8YXWknKt4sRNZ6SirVW
49,0JQ5DAqbMKFHOzuVTgTizF,Dance/Electronic,37i9dQZF1DXbraCN8mShma,4YXKVaWzHaVyDq2pVS5cgR
50,0JQ5DAqbMKFHOzuVTgTizF,Dance/Electronic,37i9dQZF1DXbraCN8mShma,6GRMKQ3RrivYgLEO6h7ebu
51,0JQ5DAqbMKFHOzuVTgTizF,Dance/Electronic,37i9dQZF1DXbraCN8mShma,29Dvkvp7Wgd1VJdDvVJlvf
52,0JQ5DAqbMKFHOzuVTgTizF,Dance/Electronic,37i9dQZF1DXbraCN8mShma,4Q8aDd3H6LF8t4eY7So9O8
53,0JQ5DAqbMKFHOzuVTgTizF,Dance/Electronic,37i9dQZF1DXbraCN8mShma,5Gox2FHWcB882eGsRIkdrt
54,0JQ5DAqbMKFHOzuVTgTizF,Dance/Electronic,37i9dQZF1DXbraCN8mShma,51FvjPEGKq2zByeeEQ43V9
55,0JQ5DAqbMKFHOzuVTgTizF,Dance/Electronic,37i9dQZF1DXbraCN8mShma,32il27dOrLpIru8Evp4Pu7
56,0JQ5DAqbMKFHOzuVTgTizF,Dance/Electronic,37i9dQZF1DXbraCN8mShma,10xV5l9nhLvFpR8mqzs0bL
57,0JQ5DAqbMKFHOzuVTgTizF,Dance/Electronic,37i9dQZF1DXbraCN8mShma,4qu63nuBpdn0qHUHuObEj1
58,0JQ5DAqbMKFHOzuVTgTizF,Dance/Electronic,37i9dQZF1DXbraCN8mShma,2dpaYNEQHiRxtZbfNsse99
59,0JQ5DAqbMKFHOzuVTgTizF,Dance/Electronic,37i9dQZF1DXbraCN8mShma,2Y0wPrPQBrGhoLn14xRYCG
60,0JQ5DAqbMKFHOzuVTgTizF,Dance/Electronic,37i9dQZF1DXbraCN8mShma,7vGuf3Y35N4wmASOKLUVVU
61,0JQ5DAqbMKFHOzuVTgTizF,Dance/Electronic,37i9dQZF1DXbraCN8mShma,0tBbt8CrmxbjRP0pueQkyU
62,0JQ5DAqbMKFHOzuVTgTizF,Dance/Electronic,37i9dQZF1DXbraCN8mShma,08bNPGLD8AhKpnnERrAc6G
63,0JQ5DAqbMKFHOzuVTgTizF,Dance/Electronic,37i9dQZF1DXbraCN8mShma,3Z8FwOEN59mRMxDCtb8N0A
64,0JQ5DAqbMKFHOzuVTgTizF,Dance/Electronic,37i9dQZF1DXbraCN8mShma,0ada5XsQGLPUVbmTCkAP49
65,0JQ5DAqbMKFHOzuVTgTizF,Dance/Electronic,37i9dQZF1DXbraCN8mShma,0zzVTGyRrWpQu8Fr28NRAv
66,0JQ5DAqbMKFHOzuVTgTizF,Dance/Electronic,37i9dQZF1DXbraCN8mShma,5icOoE6VgqFKohjWWNp0Ac
67,0JQ5DAqbMKFHOzuVTgTizF,Dance/Electronic,37i9dQZF1DXbraCN8mShma,6XO8RlYuJCiI0v3IA48FeJ
68,0JQ5DAqbMKFHOzuVTgTizF,Dance/Electronic,37i9dQZF1DXbraCN8mShma,4hPpVbbakQNv8YTHYaOJP4
69,0JQ5DAqbMKFHOzuVTgTizF,Dance/Electronic,37i9dQZF1DXbraCN8mShma,3MEYFivt6bilQ9q9mFWZ4g
70,0JQ5DAqbMKFHOzuVTgTizF,Dance/Electronic,37i9dQZF1DXbraCN8mShma,6y6xhAgZjvxy5kR5rigpY3
71,0JQ5DAqbMKFHOzuVTgTizF,Dance/Electronic,37i9dQZF1DXbraCN8mShma,3sOGVdj5VPY6C2XImtlzj7
72,0JQ5DAqbMKFHOzuVTgTizF,Dance/Electronic,37i9dQZF1DXbraCN8mShma,6VrCmhRBFnuGKmtNfk4jDs
73,0JQ5DAqbMKFHOzuVTgTizF,Dance/Electronic,37i9dQZF1DXbraCN8mShma,1GkHyypTFkUf0QQKwYoXH4
74,0JQ5DAqbMKFHOzuVTgTizF,Dance/Electronic,37i9dQZF1DXbraCN8mShma,6ctmKiHf2CcHQLwT7g4jpc
75,0JQ5DAqbMKFHOzuVTgTizF,Dance/Electronic,37i9dQZF1DXbraCN8mShma,6zOhgKfbMiQWToE6K13s2s
76,0JQ5DAqbMKFHOzuVTgTizF,Dance/Electronic,37i9dQZF1DXbraCN8mShma,7uIgmq5lixaNDaYcUDSsC3
77,0JQ5DAqbMKFHOzuVTgTizF,Dance/Electronic,37i9dQZF1DXbraCN8mShma,2O6kwqT9Hb38PhHwbCNfOh
78,0JQ5DAqbMKFHOzuVTgTizF,Dance/Electronic,37i9dQZF1DXbraCN8mShma,6GSkLS2y4ZnnZsuRAj975K
79,0JQ5DAqbMKFHOzuVTgTizF,Dance/Electronic,37i9dQZF1DXbraCN8mShma,1B20Y81JY3iDswuskNvBrm
80,0JQ5DAqbMKFHOzuVTgTizF,Dance/Electronic,37i9dQZF1DXbraCN8mShma,5rK0pyEObO4DBFLy682QvR
81,0JQ5DAqbMKFHOzuVTgTizF,Dance/Electronic,37i9dQZF1DXbraCN8mShma,3S6VRZQYwuPIllMmYdAj66
82,0JQ5DAqbMKFHOzuVTgTizF,Dance/Electronic,37i9dQZF1DXbraCN8mShma,0nhVrTiCGiGRCoZOJiWzm1
83,0JQ5DAqbMKFHOzuVTgTizF,Dance/Electronic,37i9dQZF1DXbraCN8mShma,35rozLoS6QLE8HX8qswM3k
84,0JQ5DAqbMKFHOzuVTgTizF,Dance/Electronic,37i9dQZF1DXbraCN8mShma,7jzldCBnJjpJM3epzJ85KE
85,0JQ5DAqbMKFHOzuVTgTizF,Dance/Electronic,37i9dQZF1DXbraCN8mShma,39umHdGKfpnjY4TFtnoQ51
86,0JQ5DAqbMKFHOzuVTgTizF,Dance/Electronic,37i9dQZF1DXbraCN8mShma,244AoGCbxOWUhaRzTR7Spz
87,0JQ5DAqbMKFHOzuVTgTizF,Dance/Electronic,37i9dQZF1DXbraCN8mShma,2M2Pug4zwMialHSwACPlU1
88,0JQ5DAqbMKFHOzuVTgTizF,Dance/Electronic,37i9dQZF1DXbraCN8mShma,0Q3SC6kEhxYagDP3bFe5K9
89,0JQ5DAqbMKFHOzuVTgTizF,Dance/Electronic,37i9dQZF1DXbraCN8mShma,2HO0uCyq8jOveEzvmo4JEu
90,0JQ5DAqbMKFHOzuVTgTizF,Dance/Electronic,37i9dQZF1DXbraCN8mShma,71TRhiwsRckqoqO9CcDIE6
91,0JQ5DAqbMKFHOzuVTgTizF,Dance/Electronic,37i9dQZF1DXbraCN8mShma,1VxogbO6bfygdfaCnE9oLb
92,0JQ5DAqbMKFHOzuVTgTizF,Dance/Electronic,37i9dQZF1DXbraCN8mShma,5ip3FCi89E2eDtId6kcJmo
93,0JQ5DAqbMKFHOzuVTgTizF,Dance/Electronic,37i9dQZF1DXbraCN8mShma,1iyXU0LHY9Irw7oohGf7hb
94,0JQ5DAqbMKFHOzuVTgTizF,Dance/Electronic,37i9dQZF1DXbraCN8mShma,1Hk0QRlUFCHYG6zIvUh0Xd
95,0JQ5DAqbMKFHOzuVTgTizF,Dance/Electronic,37i9dQZF1DXbraCN8mShma,18YRKiIZO4qDEc5Ik0Cry6
96,0JQ5DAqbMKFHOzuVTgTizF,Dance/Electronic,37i9dQZF1DXbraCN8mShma,3QNG9RhD93ypeMp3DUmkaO
97,0JQ5DAqbMKFHOzuVTgTizF,Dance/Electronic,37i9dQZF1DXbraCN8mShma,2OYfxjLnQuPo7Co1WH0Z1S
98,0JQ5DAqbMKFHOzuVTgTizF,Dance/Electronic,37i9dQZF1DXbraCN8mShma,3AUW7mAGx1BICBWqsuFgh4
99,0JQ5DAqbMKFHOzuVTgTizF,Dance/Electronic,37i9dQZF1DXbraCN8mShma,6Ehy8wRUYjAZcMMRCxMZVM
100,0JQ5DAqbMKFHOzuVTgTizF,Dance/Electronic,37i9dQZF1DXbraCN8mShma,04AYgtKFrpldRXe5y0LNGQ
101,0JQ5DAqbMKFHOzuVTgTizF,Dance/Electronic,37i9dQZF1DXbraCN8mShma,6Hx9gLuAKkOfoZoL79OSI1
102,0JQ5DAqbMKFHOzuVTgTizF,Dance/Electronic,37i9dQZF1DXbraCN8mShma,1gt8YXWknKt4sRNZ6SirVW
103,0JQ5DAqbMKFHOzuVTgTizF,Dance/Electronic,37i9dQZF1DXbraCN8mShma,4YXKVaWzHaVyDq2pVS5cgR
104,0JQ5DAqbMKFHOzuVTgTizF,Dance/Electronic,37i9dQZF1DXbraCN8mShma,6GRMKQ3RrivYgLEO6h7ebu
105,0JQ5DAqbMKFHOzuVTgTizF,Dance/Electronic,37i9dQZF1DXbraCN8mShma,29Dvkvp7Wgd1VJdDvVJlvf
106,0JQ5DAqbMKFHOzuVTgTizF,Dance/Electronic,37i9dQZF1DXbraCN8mShma,4Q8aDd3H6LF8t4eY7So9O8
107,0JQ5DAqbMKFHOzuVTgTizF,Dance/Electronic,37i9dQZF1DXbraCN8mShma,5Gox2FHWcB882eGsRIkdrt
108,0JQ5DAqbMKFEC4WFtoNRpw,Pop,37i9dQZF1DX20VDU4OIBfS,1uKjQoh8JZj9ryuYRhpd7E
109,0JQ5DAqbMKFEC4WFtoNRpw,Pop,37i9dQZF1DX20VDU4OIBfS,4NUt1fcnO9aQAELBgXq3Kr
110,0JQ5DAqbMKFEC4WFtoNRpw,Pop,37i9dQZF1DX20VDU4OIBfS,3b1IQflSLrgzYQPGFzI9cl
111,0JQ5DAqbMKFEC4WFtoNRpw,Pop,37i9dQZF1DX20VDU4OIBfS,0wQCKR9OFjYu5Kzrk7WivJ
112,0JQ5DAqbMKFEC4WFtoNRpw,Pop,37i9dQZF1DX20VDU4OIBfS,66iygyOSvvoQQsKJ1vEXfT
113,0JQ5DAqbMKFEC4WFtoNRpw,Pop,37i9dQZF1DX20VDU4OIBfS,1lKI9y1DL6QnYTZguVmACX
114,0JQ5DAqbMKFEC4WFtoNRpw,Pop,37i9dQZF1DX20VDU4OIBfS,3UgduSS2bCMmatRox69u3g
115,0JQ5DAqbMKFEC4WFtoNRpw,Pop,37i9dQZF1DX20VDU4OIBfS,2nejvFyJeTDtMRP2nUMt0J
116,0JQ5DAqbMKFEC4WFtoNRpw,Pop,37i9dQZF1DX20VDU4OIBfS,0LNn2O06dvsZqvWaS870xJ
117,0JQ5DAqbMKFEC4WFtoNRpw,Pop,37i9dQZF1DX20VDU4OIBfS,7jtbRKtXtGtsJOBMaBo72W
118,0JQ5DAqbMKFEC4WFtoNRpw,Pop,37i9dQZF1DX20VDU4OIBfS,1w2Nnj1HEUgoOglVRWfZj8
119,0JQ5DAqbMKFEC4WFtoNRpw,Pop,37i9dQZF1DX20VDU4OIBfS,6ljWmeDCoqgIFOVKVmKEmu
120,0JQ5DAqbMKFEC4WFtoNRpw,Pop,37i9dQZF1DX20VDU4OIBfS,7aSxNjoVoAwNL7HDAKwGtC
121,0JQ5DAqbMKFEC4WFtoNRpw,Pop,37i9dQZF1DX20VDU4OIBfS,2FDFz5TuYlpP180AUicAcl
122,0JQ5DAqbMKFEC4WFtoNRpw,Pop,37i9dQZF1DX20VDU4OIBfS,7HW5tUjaKxBUamSi7nnzPt
123,0JQ5DAqbMKFEC4WFtoNRpw,Pop,37i9dQZF1DX20VDU4OIBfS,6HTBhdYFWi1wIGbm7dV7iV
124,0JQ5DAqbMKFEC4WFtoNRpw,Pop,37i9dQZF1DX20VDU4OIBfS,1Y7q2zwCBjt9zgIHZ0Ku7J
125,0JQ5DAqbMKFEC4WFtoNRpw,Pop,37i9dQZF1DX20VDU4OIBfS,6VWWU8EFSS7Xx1TZ830Paz
126,0JQ5DAqbMKFEC4WFtoNRpw,Pop,37i9dQZF1DX20VDU4OIBfS,7wUt1v2ddVqPayC8EKDp5P
127,0JQ5DAqbMKFEC4WFtoNRpw,Pop,37i9dQZF1DX20VDU4OIBfS,5sbw5zIz9ck2pOEDXUR0QU
128,0JQ5DAqbMKFEC4WFtoNRpw,Pop,37i9dQZF1DX20VDU4OIBfS,0hTao6s03MkTStWfxAmnGk
129,0JQ5DAqbMKFEC4WFtoNRpw,Pop,37i9dQZF1DX20VDU4OIBfS,0dEPlb8waIqRtKpLb3l6So
130,0JQ5DAqbMKFEC4WFtoNRpw,Pop,37i9dQZF1DX20VDU4OIBfS,1DVZafFlOB53zfGDVs8w1s
131,0JQ5DAqbMKFEC4WFtoNRpw,Pop,37i9dQZF1DX20VDU4OIBfS,7xVEvr9wPXLPU286pCfYM3
132,0JQ5DAqbMKFEC4WFtoNRpw,Pop,37i9dQZF1DX20VDU4OIBfS,11rsK9GDZ9UdWsxtDqnMmN
133,0JQ5DAqbMKFEC4WFtoNRpw,Pop,37i9dQZF1DX20VDU4OIBfS,1Agu4u8a8Qm28zq5JtwaVv
134,0JQ5DAqbMKFEC4WFtoNRpw,Pop,37i9dQZF1DX20VDU4OIBfS,1r28ZDlVxz24Rmy8Sq9REY
135,0JQ5DAqbMKFEC4WFtoNRpw,Pop,37i9dQZF1DX20VDU4OIBfS,5NSJ0qoxwbO26tVvqpL4N2
136,0JQ5DAqbMKFEC4WFtoNRpw,Pop,37i9dQZF1DX20VDU4OIBfS,2MkeDQiyZ8MV45IjLhCPSF
137,0JQ5DAqbMKFEC4WFtoNRpw,Pop,37i9dQZF1DX20VDU4OIBfS,5ozZHuU1nWqq2UaFM9xa5A
138,0JQ5DAqbMKFEC4WFtoNRpw,Pop,37i9dQZF1DX20VDU4OIBfS,4Wg6Ggb6DY8OmlFQvvHO9b
139,0JQ5DAqbMKFEC4WFtoNRpw,Pop,37i9dQZF1DX20VDU4OIBfS,0T7JubkdjBXNDVadRIq2ck
140,0JQ5DAqbMKFEC4WFtoNRpw,Pop,37i9dQZF1DX20VDU4OIBfS,47PiSg7z5qjUyEGKN4I1g7
141,0JQ5DAqbMKFEC4WFtoNRpw,Pop,37i9dQZF1DX20VDU4OIBfS,6XLobzCdi98lFcxG3eGYNr
142,0JQ5DAqbMKFEC4WFtoNRpw,Pop,37i9dQZF1DX20VDU4OIBfS,350kyj3PwTFlQMOpWzRd3O
143,0JQ5DAqbMKFEC4WFtoNRpw,Pop,37i9dQZF1DX20VDU4OIBfS,4F6Ne3xyctrytvYm9W68ll
144,0JQ5DAqbMKFEC4WFtoNRpw,Pop,37i9dQZF1DX20VDU4OIBfS,10PwPpr7BBxYon3pwS7k5G
145,0JQ5DAqbMKFEC4WFtoNRpw,Pop,37i9dQZF1DX20VDU4OIBfS,3GUyiFEglEm9rSToOf5YZW
146,0JQ5DAqbMKFEC4WFtoNRpw,Pop,37i9dQZF1DX20VDU4OIBfS,5sQGo3fB2NoFalyy4uZjiu
147,0JQ5DAqbMKFEC4WFtoNRpw,Pop,37i9dQZF1DX20VDU4OIBfS,426kUsOMW5p2VWEVNu5BxF
148,0JQ5DAqbMKFEC4WFtoNRpw,Pop,37i9dQZF1DX20VDU4OIBfS,5piVXhB5leKZ3kF5nFSiDZ
149,0JQ5DAqbMKFEC4WFtoNRpw,Pop,37i9dQZF1DX20VDU4OIBfS,0Hja9zlVQHC768PsPjWscW
150,0JQ5DAqbMKFEC4WFtoNRpw,Pop,37i9dQZF1DX20VDU4OIBfS,5Cf8MCD6NcYvy8RQL2khAS
151,0JQ5DAqbMKFEC4WFtoNRpw,Pop,37i9dQZF1DX20VDU4OIBfS,65vU70CBDU0sQDfOWkwUEH
152,0JQ5DAqbMKFEC4WFtoNRpw,Pop,37i9dQZF1DX20VDU4OIBfS,4Fvnz1ZJ86IdqDAepWYPAh
153,0JQ5DAqbMKFEC4WFtoNRpw,Pop,37i9dQZF1DX20VDU4OIBfS,6lZ2Qk3WcmrG4iDmaEqpvH
154,0JQ5DAqbMKFEC4WFtoNRpw,Pop,37i9dQZF1DX20VDU4OIBfS,1OB7cLxxCWA8gbbfjFNNej
155,0JQ5DAqbMKFEC4WFtoNRpw,Pop,37i9dQZF1DX20VDU4OIBfS,3ic95qCcp0njJNb3mJTZaP
156,0JQ5DAqbMKFEC4WFtoNRpw,Pop,37i9dQZF1DX20VDU4OIBfS,0kVOor973ijVqOBhYqvaE8
157,0JQ5DAqbMKFEC4WFtoNRpw,Pop,37i9dQZF1DX20VDU4OIBfS,7ceiXwNZ2DwNIJ54tsJwRY
158,0JQ5DAqbMKFEC4WFtoNRpw,Pop,37i9dQZF1DX20VDU4OIBfS,4FdwRmlzP5KGM7OewGBYiu
159,0JQ5DAqbMKFEC4WFtoNRpw,Pop,37i9dQZF1DX20VDU4OIBfS,4Ffrs6kqh1cyNC1gdRWI38
160,0JQ5DAqbMKFEC4WFtoNRpw,Pop,37i9dQZF1DX20VDU4OIBfS,0WFatRyMXS4JVP9jSfO1Fe
161,0JQ5DAqbMKFEC4WFtoNRpw,Pop,37i9dQZF1DX20VDU4OIBfS,1skQgtTyuxpGsKgWUEhz7s
162,0JQ5DAqbMKFEC4WFtoNRpw,Pop,37i9dQZF1DX20VDU4OIBfS,3SPqDiyU1dKcWfBBWpPEC3
163,0JQ5DAqbMKFEC4WFtoNRpw,Pop,37i9dQZF1DX20VDU4OIBfS,419FFiitGchOUaIMEY7Dqi
164,0JQ5DAqbMKFEC4WFtoNRpw,Pop,37i9dQZF1DX20VDU4OIBfS,6LmKDVBBlMsWqUbuNTeCuF
165,0JQ5DAqbMKFEC4WFtoNRpw,Pop,37i9dQZF1DX20VDU4OIBfS,3PyTaC8BN0de4KfYaQDtBs
166,0JQ5DAqbMKFEC4WFtoNRpw,Pop,37i9dQZF1DX20VDU4OIBfS,2OY00BdjZx4wVLoAsFaked
167,0JQ5DAqbMKFEC4WFtoNRpw,Pop,37i9dQZF1DX20VDU4OIBfS,04Xdk7F9HgyHBcAwO7KE3F
168,0JQ5DAqbMKFEC4WFtoNRpw,Pop,37i9dQZF1DX20VDU4OIBfS,0YvKdz58OcwgYdS67NJkkU
169,0JQ5DAqbMKFEC4WFtoNRpw,Pop,37i9dQZF1DX20VDU4OIBfS,5IU4JO2cpa0wPK8oQWFfCr
170,0JQ5DAqbMKFEC4WFtoNRpw,Pop,37i9dQZF1DX20VDU4OIBfS,31BsrpQphP6KiRXjvJix5R
171,0JQ5DAqbMKFEC4WFtoNRpw,Pop,37i9dQZF1DX20VDU4OIBfS,5vmqRHDrMgdbw3CIvQycbj
172,0JQ5DAqbMKFEC4WFtoNRpw,Pop,37i9dQZF1DX20VDU4OIBfS,2LGNlsFbufs6T6no1w8kfZ
173,0JQ5DAqbMKFEC4WFtoNRpw,Pop,37i9dQZF1DX20VDU4OIBfS,1Wv08uEqny4IZk45kPH6rx
174,0JQ5DAqbMKFEC4WFtoNRpw,Pop,37i9dQZF1DX20VDU4OIBfS,5UPd6Gyj4aoaTUTlpWSak5
175,0JQ5DAqbMKFEC4WFtoNRpw,Pop,37i9dQZF1DX20VDU4OIBfS,4tAwP9QKeLEQJ2fgd1RWcY
176,0JQ5DAqbMKFEC4WFtoNRpw,Pop,37i9dQZF1DX20VDU4OIBfS,6P3dT8EkJd0LOyZklOl0Na
177,0JQ5DAqbMKFEC4WFtoNRpw,Pop,37i9dQZF1DX20VDU4OIBfS,6PyXH8zknCSDFUMMpWlqmm
178,0JQ5DAqbMKFEC4WFtoNRpw,Pop,37i9dQZF1DX20VDU4OIBfS,588L3T9VgPngwtXUiFWnf6
179,0JQ5DAqbMKFEC4WFtoNRpw,Pop,37i9dQZF1DX20VDU4OIBfS,41JBXtssxYuLMyiBwwlnY6
180,0JQ5DAqbMKFEC4WFtoNRpw,Pop,37i9dQZF1DX20VDU4OIBfS,08Jr52g99jcHUYx9NhU0IE
181,0JQ5DAqbMKFEC4WFtoNRpw,Pop,37i9dQZF1DX20VDU4OIBfS,2FeYK41Grs7KdR9Nqoy1MK
182,0JQ5DAqbMKFEC4WFtoNRpw,Pop,37i9dQZF1DX20VDU4OIBfS,3kCCDi4L4yVw2FklTpEBdv
183,0JQ5DAqbMKFEC4WFtoNRpw,Pop,37i9dQZF1DX20VDU4OIBfS,5NYQS0JkqRRfhlliy0P3Dv
184,0JQ5DAqbMKFEC4WFtoNRpw,Pop,37i9dQZF1DX20VDU4OIBfS,3NKIbFFAioTfznWbnjAMXX
185,0JQ5DAqbMKFEC4WFtoNRpw,Pop,37i9dQZF1DX20VDU4OIBfS,1Ab8M5xfQ0nUTGSldQzAA2
186,0JQ5DAqbMKFEC4WFtoNRpw,Pop,37i9dQZF1DX20VDU4OIBfS,3vxsXUUU9jUJrGNP4APtj3
187,0JQ5DAqbMKFEC4WFtoNRpw,Pop,37i9dQZF1DX20VDU4OIBfS,0nwKAvbDJeBs5dPH8sdeRO
188,0JQ5DAqbMKFEC4WFtoNRpw,Pop,37i9dQZF1DX20VDU4OIBfS,3eg6Yi9x0gN3k4nD4h6il3
189,0JQ5DAqbMKFEC4WFtoNRpw,Pop,37i9dQZF1DX20VDU4OIBfS,0D337qdSUzMPXmrW20Mn5L
190,0JQ5DAqbMKFEC4WFtoNRpw,Pop,37i9dQZF1DX20VDU4OIBfS,3PFyeq4aBtLfShPJ9oiK4p
191,0JQ5DAqbMKFEC4WFtoNRpw,Pop,37i9dQZF1DX20VDU4OIBfS,4hWUYwFwJKpu4o49Gon76Z
192,0JQ5DAqbMKFEC4WFtoNRpw,Pop,37i9dQZF1DX20VDU4OIBfS,5PuY7F2jpk1yuD3ZNvzT85
193,0JQ5DAqbMKFEC4WFtoNRpw,Pop,37i9dQZF1DX20VDU4OIBfS,03oCjV73Utu9KpXrgcqoTJ
194,0JQ5DAqbMKFEC4WFtoNRpw,Pop,37i9dQZF1DX20VDU4OIBfS,7Bewui7KtaMzROeteRitRz
195,0JQ5DAqbMKFEC4WFtoNRpw,Pop,37i9dQZF1DX20VDU4OIBfS,3bWMCH2M7JWUga1WRagDzs
196,0JQ5DAqbMKFEC4WFtoNRpw,Pop,37i9dQZF1DX20VDU4OIBfS,7cGgfuTFHDRA0b7zdzEg6R
197,0JQ5DAqbMKFEC4WFtoNRpw,Pop,37i9dQZF1DX20VDU4OIBfS,17oji5hYaIqOFWFnPPWCeJ
198,0JQ5DAqbMKFEC4WFtoNRpw,Pop,37i9dQZF1DX20VDU4OIBfS,4vhU2Qz2DLYmOMCd5UqKph
199,0JQ5DAqbMKFEC4WFtoNRpw,Pop,37i9dQZF1DX20VDU4OIBfS,42QWOsW1f9uDu9zsoUAE73
200,0JQ5DAqbMKFEC4WFtoNRpw,Pop,37i9dQZF1DX20VDU4OIBfS,38sK8PSXXgZMLZujwgvNUH
201,0JQ5DAqbMKFEC4WFtoNRpw,Pop,37i9dQZF1DX20VDU4OIBfS,3yGTCMzOnSd66VepQCd1ZK
202,0JQ5DAqbMKFEC4WFtoNRpw,Pop,37i9dQZF1DX20VDU4OIBfS,2i7oFlgafYTgri8LvGueYt
203,0JQ5DAqbMKFEC4WFtoNRpw,Pop,37i9dQZF1DX20VDU4OIBfS,3pz19CAY4yX7FSnTWDu3La
204,0JQ5DAqbMKFEC4WFtoNRpw,Pop,37i9dQZF1DX20VDU4OIBfS,5iLAU648CgzEupYdWuWdp5
205,0JQ5DAqbMKFEC4WFtoNRpw,Pop,37i9dQZF1DX20VDU4OIBfS,6UqbBLltlDQ7ozlRswVWeu
206,0JQ5DAqbMKFEC4WFtoNRpw,Pop,37i9dQZF1DX20VDU4OIBfS,3XtPN9Var7rerjAzLsCAHt
207,0JQ5DAqbMKFEC4WFtoNRpw,Pop,37i9dQZF1DX20VDU4OIBfS,3TSJgodP7iM95y0kODUSyp
208,0JQ5DAqbMKFEC4WFtoNRpw,Pop,37i9dQZF1DX20VDU4OIBfS,7sj71Y12St8KlvMpBt4K27
209,0JQ5DAqbMKFEC4WFtoNRpw,Pop,37i9dQZF1DX20VDU4OIBfS,70ZDTO70VvcVBQB3ibtP3m
210,0JQ5DAqbMKFEC4WFtoNRpw,Pop,37i9dQZF1DX20VDU4OIBfS,73MuQb9jIoryiOig4hDQhT
211,0JQ5DAqbMKFEC4WFtoNRpw,Pop,37i9dQZF1DX20VDU4OIBfS,2N1u2w7dbHt058hi7pIFjW
212,0JQ5DAqbMKFEC4WFtoNRpw,Pop,37i9dQZF1DX20VDU4OIBfS,2YhVvYKpwAFM01pCAn0rTW
213,0JQ5DAqbMKFEC4WFtoNRpw,Pop,37i9dQZF1DX20VDU4OIBfS,2HtaztxlMW5bPI7ddDSXDd
214,0JQ5DAqbMKFEC4WFtoNRpw,Pop,37i9dQZF1DX20VDU4OIBfS,6BIRIBJuEGLds1oAxvybLO
215,0JQ5DAqbMKFEC4WFtoNRpw,Pop,37i9dQZF1DX20VDU4OIBfS,1ZJe2q23LXHnE79UjnJqyx
216,0JQ5DAqbMKFEC4WFtoNRpw,Pop,37i9dQZF1DX20VDU4OIBfS,0TL0wshZGOrvNcUD66HGfq
217,0JQ5DAqbMKFEC4WFtoNRpw,Pop,37i9dQZF1DX20VDU4OIBfS,2qlmlFRhYMgaekmCuxxK0o
218,0JQ5DAqbMKFEC4WFtoNRpw,Pop,37i9dQZF1DX20VDU4OIBfS,45k6YC7usGnU34FRz8peZd
219,0JQ5DAqbMKFEC4WFtoNRpw,Pop,37i9dQZF1DX20VDU4OIBfS,3gO8mvkxIcyF9N7Vd1WM2i
220,0JQ5DAqbMKFEC4WFtoNRpw,Pop,37i9dQZF1DX20VDU4OIBfS,37amjDwMG9SQQ1xQETzBm9
221,0JQ5DAqbMKFEC4WFtoNRpw,Pop,37i9dQZF1DX20VDU4OIBfS,0UOH706F2rU84cbI1HnGto
222,0JQ5DAqbMKFEC4WFtoNRpw,Pop,37i9dQZF1DX20VDU4OIBfS,2avnbTB2bVyKI2nz553XuH
223,0JQ5DAqbMKFEC4WFtoNRpw,Pop,37i9dQZF1DX20VDU4OIBfS,6cy5hG9A8uYZiDeEIILLkB
224,0JQ5DAqbMKFEC4WFtoNRpw,Pop,37i9dQZF1DX20VDU4OIBfS,1lDx45n8dnAU1v9yct5bxU
225,0JQ5DAqbMKFEC4WFtoNRpw,Pop,37i9dQZF1DX20VDU4OIBfS,1UPPpJhqQW34QGEjRx32jF
226,0JQ5DAqbMKFEC4WFtoNRpw,Pop,37i9dQZF1DX20VDU4OIBfS,3dvw72c1XCh2oznmecISzA
227,0JQ5DAqbMKFEC4WFtoNRpw,Pop,37i9dQZF1DX20VDU4OIBfS,2qndofldhCJ8D94cdWDuWH
228,0JQ5DAqbMKFEC4WFtoNRpw,Pop,37i9dQZF1DX20VDU4OIBfS,5rH8LM84M3eG0ZtzkkYMLD
229,0JQ5DAqbMKFEC4WFtoNRpw,Pop,37i9dQZF1DX20VDU4OIBfS,3Pr70knS8uTSiKbwf4rGav
230,0JQ5DAqbMKFEC4WFtoNRpw,Pop,37i9dQZF1DX20VDU4OIBfS,2PxGGRmj5yunYdNF2Ud2vm
231,0JQ5DAqbMKFEC4WFtoNRpw,Pop,37i9dQZF1DX20VDU4OIBfS,2d6m2u18196oYQS2mbaO6t
232,0JQ5DAqbMKFEC4WFtoNRpw,Pop,37i9dQZF1DX20VDU4OIBfS,7nY8fkDi2zmlQQHGSN9U9m
233,0JQ5DAqbMKFEC4WFtoNRpw,Pop,37i9dQZF1DX20VDU4OIBfS,5FVBS2wgzQ66TTCeOSkmZq
234,0JQ5DAqbMKFEC4WFtoNRpw,Pop,37i9dQZF1DX20VDU4OIBfS,7lmK8HJzXjD7JW88tQGVUT
235,0JQ5DAqbMKFEC4WFtoNRpw,Pop,37i9dQZF1DX20VDU4OIBfS,6RWXqBgjdLyAVFnJbyPCR8
236,0JQ5DAqbMKFEC4WFtoNRpw,Pop,37i9dQZF1DX20VDU4OIBfS,3uNHsihawfIiZv8XClEZoY
237,0JQ5DAqbMKFEC4WFtoNRpw,Pop,37i9dQZF1DX20VDU4OIBfS,5AuS5Nk1vs2vJNPlwB04F1
238,0JQ5DAqbMKFEC4WFtoNRpw,Pop,37i9dQZF1DX20VDU4OIBfS,62nLNuTjFfyJczHfln6mw2
239,0JQ5DAqbMKFEC4WFtoNRpw,Pop,37i9dQZF1DX20VDU4OIBfS,37QuCMe2SASXrkLm5NhT5m
240,0JQ5DAqbMKFEC4WFtoNRpw,Pop,37i9dQZF1DX20VDU4OIBfS,0qLqqJYI7wW8w93fgqd2LN
241,0JQ5DAqbMKFEC4WFtoNRpw,Pop,37i9dQZF1DX20VDU4OIBfS,5qPsvYBxpqxZYwRgq1SQ9j
242,0JQ5DAqbMKFEC4WFtoNRpw,Pop,37i9dQZF1DX20VDU4OIBfS,4rnTiuGY36NyQDM3zFmXPU
243,0JQ5DAqbMKFEC4WFtoNRpw,Pop,37i9dQZF1DX20VDU4OIBfS,0ElaCi1Qf86iEWhsxCw5h5
244,0JQ5DAqbMKFEC4WFtoNRpw,Pop,37i9dQZF1DX20VDU4OIBfS,5j2tKp2lqR5a5V8ArWOEDe
245,0JQ5DAqbMKFEC4WFtoNRpw,Pop,37i9dQZF1DX20VDU4OIBfS,1EjTQ72d5YuDI3yD3n5e4a
246,0JQ5DAqbMKFEC4WFtoNRpw,Pop,37i9dQZF1DX20VDU4OIBfS,2vh3jeYAeR50YuigR7mGwo
247,0JQ5DAqbMKFEC4WFtoNRpw,Pop,37i9dQZF1DX20VDU4OIBfS,5t6GyhawtK5itjpDdvGGx0
248,0JQ5DAqbMKFEC4WFtoNRpw,Pop,37i9dQZF1DX20VDU4OIBfS,3C9fAn3IgajBTwR274huch
249,0JQ5DAqbMKFEC4WFtoNRpw,Pop,37i9dQZF1DX20VDU4OIBfS,2tXPf8RAtIRIoVp0bSOKEr
250,0JQ5DAqbMKFEC4WFtoNRpw,Pop,37i9dQZF1DX20VDU4OIBfS,0VmvHXrh43fkRYszGYYRck
251,0JQ5DAqbMKFEC4WFtoNRpw,Pop,37i9dQZF1DX20VDU4OIBfS,3yeT1oIBRGuEhOb3OCvL2z
252,0JQ5DAqbMKFEC4WFtoNRpw,Pop,37i9dQZF1DX20VDU4OIBfS,75OneVe1xHrgSiVEOiLGxb
253,0JQ5DAqbMKFEC4WFtoNRpw,Pop,37i9dQZF1DX20VDU4OIBfS,1wUQK1O1tL1UdFNw2j9Y34
254,0JQ5DAqbMKFEC4WFtoNRpw,Pop,37i9dQZF1DX20VDU4OIBfS,5C7wTCd20Ftl6bbW70qOA4
255,0JQ5DAqbMKFEC4WFtoNRpw,Pop,37i9dQZF1DX20VDU4OIBfS,5DP6Uxk8O9ej6xLPb4gDiE
256,0JQ5DAqbMKFEC4WFtoNRpw,Pop,37i9dQZF1DX20VDU4OIBfS,1611GmlolwbEqZgoi3nqvN
257,0JQ5DAqbMKFEC4WFtoNRpw,Pop,37i9dQZF1DX20VDU4OIBfS,2xWNLtRPgcQwjTWjhncnJF
258,0JQ5DAqbMKFEC4WFtoNRpw,Pop,37i9dQZF1DX20VDU4OIBfS,1uKjQoh8JZj9ryuYRhpd7E
259,0JQ5DAqbMKFEC4WFtoNRpw,Pop,37i9dQZF1DX20VDU4OIBfS,4NUt1fcnO9aQAELBgXq3Kr
260,0JQ5DAqbMKFEC4WFtoNRpw,Pop,37i9dQZF1DX20VDU4OIBfS,3b1IQflSLrgzYQPGFzI9cl
261,0JQ5DAqbMKFEC4WFtoNRpw,Pop,37i9dQZF1DX20VDU4OIBfS,0wQCKR9OFjYu5Kzrk7WivJ
262,0JQ5DAqbMKFEC4WFtoNRpw,Pop,37i9dQZF1DX20VDU4OIBfS,66iygyOSvvoQQsKJ1vEXfT
263,0JQ5DAqbMKFEC4WFtoNRpw,Pop,37i9dQZF1DX20VDU4OIBfS,1lKI9y1DL6QnYTZguVmACX
264,0JQ5DAqbMKFEC4WFtoNRpw,Pop,37i9dQZF1DX20VDU4OIBfS,3UgduSS2bCMmatRox69u3g
265,0JQ5DAqbMKFEC4WFtoNRpw,Pop,37i9dQZF1DX20VDU4OIBfS,2nejvFyJeTDtMRP2nUMt0J
266,0JQ5DAqbMKFEC4WFtoNRpw,Pop,37i9dQZF1DX20VDU4OIBfS,0LNn2O06dvsZqvWaS870xJ
267,0JQ5DAqbMKFEC4WFtoNRpw,Pop,37i9dQZF1DX20VDU4OIBfS,7jtbRKtXtGtsJOBMaBo72W
268,0JQ5DAqbMKFEC4WFtoNRpw,Pop,37i9dQZF1DX20VDU4OIBfS,1w2Nnj1HEUgoOglVRWfZj8
269,0JQ5DAqbMKFEC4WFtoNRpw,Pop,37i9dQZF1DX20VDU4OIBfS,6ljWmeDCoqgIFOVKVmKEmu
270,0JQ5DAqbMKFEC4WFtoNRpw,Pop,37i9dQZF1DX20VDU4OIBfS,7aSxNjoVoAwNL7HDAKwGtC
271,0JQ5DAqbMKFEC4WFtoNRpw,Pop,37i9dQZF1DX20VDU4OIBfS,2FDFz5TuYlpP180AUicAcl
272,0JQ5DAqbMKFEC4WFtoNRpw,Pop,37i9dQZF1DX20VDU4OIBfS,7HW5tUjaKxBUamSi7nnzPt
273,0JQ5DAqbMKFEC4WFtoNRpw,Pop,37i9dQZF1DX20VDU4OIBfS,6HTBhdYFWi1wIGbm7dV7iV
274,0JQ5DAqbMKFEC4WFtoNRpw,Pop,37i9dQZF1DX20VDU4OIBfS,1Y7q2zwCBjt9zgIHZ0Ku7J
275,0JQ5DAqbMKFEC4WFtoNRpw,Pop,37i9dQZF1DX20VDU4OIBfS,6VWWU8EFSS7Xx1TZ830Paz
276,0JQ5DAqbMKFEC4WFtoNRpw,Pop,37i9dQZF1DX20VDU4OIBfS,7wUt1v2ddVqPayC8EKDp5P
277,0JQ5DAqbMKFEC4WFtoNRpw,Pop,37i9dQZF1DX20VDU4OIBfS,5sbw5zIz9ck2pOEDXUR0QU
278,0JQ5DAqbMKFEC4WFtoNRpw,Pop,37i9dQZF1DX20VDU4OIBfS,0hTao6s03MkTStWfxAmnGk
279,0JQ5DAqbMKFEC4WFtoNRpw,Pop,37i9dQZF1DX20VDU4OIBfS,0dEPlb8waIqRtKpLb3l6So
280,0JQ5DAqbMKFEC4WFtoNRpw,Pop,37i9dQZF1DX20VDU4OIBfS,1DVZafFlOB53zfGDVs8w1s
281,0JQ5DAqbMKFEC4WFtoNRpw,Pop,37i9dQZF1DX20VDU4OIBfS,7xVEvr9wPXLPU286pCfYM3
282,0JQ5DAqbMKFEC4WFtoNRpw,Pop,37i9dQZF1DX20VDU4OIBfS,11rsK9GDZ9UdWsxtDqnMmN
283,0JQ5DAqbMKFEC4WFtoNRpw,Pop,37i9dQZF1DX20VDU4OIBfS,1Agu4u8a8Qm28zq5JtwaVv
284,0JQ5DAqbMKFEC4WFtoNRpw,Pop,37i9dQZF1DX20VDU4OIBfS,1r28ZDlVxz24Rmy8Sq9REY
285,0JQ5DAqbMKFEC4WFtoNRpw,Pop,37i9dQZF1DX20VDU4OIBfS,5NSJ0qoxwbO26tVvqpL4N2
286,0JQ5DAqbMKFEC4WFtoNRpw,Pop,37i9dQZF1DX20VDU4OIBfS,2MkeDQiyZ8MV45IjLhCPSF
287,0JQ5DAqbMKFEC4WFtoNRpw,Pop,37i9dQZF1DX20VDU4OIBfS,5ozZHuU1nWqq2UaFM9xa5A
288,0JQ5DAqbMKFEC4WFtoNRpw,Pop,37i9dQZF1DX20VDU4OIBfS,4Wg6Ggb6DY8OmlFQvvHO9b
289,0JQ5DAqbMKFEC4WFtoNRpw,Pop,37i9dQZF1DX20VDU4OIBfS,0T7JubkdjBXNDVadRIq2ck
290,0JQ5DAqbMKFEC4WFtoNRpw,Pop,37i9dQZF1DX20VDU4OIBfS,47PiSg7z5qjUyEGKN4I1g7
291,0JQ5DAqbMKFEC4WFtoNRpw,Pop,37i9dQZF1DX20VDU4OIBfS,6XLobzCdi98lFcxG3eGYNr
292,0JQ5DAqbMKFEC4WFtoNRpw,Pop,37i9dQZF1DX20VDU4OIBfS,350kyj3PwTFlQMOpWzRd3O
293,0JQ5DAqbMKFEC4WFtoNRpw,Pop,37i9dQZF1DX20VDU4OIBfS,4F6Ne3xyctrytvYm9W68ll
294,0JQ5DAqbMKFEC4WFtoNRpw,Pop,37i9dQZF1DX20VDU4OIBfS,10PwPpr7BBxYon3pwS7k5G
295,0JQ5DAqbMKFEC4WFtoNRpw,Pop,37i9dQZF1DX20VDU4OIBfS,3GUyiFEglEm9rSToOf5YZW
296,0JQ5DAqbMKFEC4WFtoNRpw,Pop,37i9dQZF1DX20VDU4OIBfS,5sQGo3fB2NoFalyy4uZjiu
297,0JQ5DAqbMKFEC4WFtoNRpw,Pop,37i9dQZF1DX20VDU4OIBfS,426kUsOMW5p2VWEVNu5BxF
298,0JQ5DAqbMKFEC4WFtoNRpw,Pop,37i9dQZF1DX20VDU4OIBfS,5piVXhB5leKZ3kF5nFSiDZ
299,0JQ5DAqbMKFEC4WFtoNRpw,Pop,37i9dQZF1DX20VDU4OIBfS,0Hja9zlVQHC768PsPjWscW
300,0JQ5DAqbMKFEC4WFtoNRpw,Pop,37i9dQZF1DX20VDU4OIBfS,5Cf8MCD6NcYvy8RQL2khAS
301,0JQ5DAqbMKFEC4WFtoNRpw,Pop,37i9dQZF1DX20VDU4OIBfS,65vU70CBDU0sQDfOWkwUEH
302,0JQ5DAqbMKFEC4WFtoNRpw,Pop,37i9dQZF1DX20VDU4OIBfS,4Fvnz1ZJ86IdqDAepWYPAh
303,0JQ5DAqbMKFEC4WFtoNRpw,Pop,37i9dQZF1DX20VDU4OIBfS,6lZ2Qk3WcmrG4iDmaEqpvH
304,0JQ5DAqbMKFEC4WFtoNRpw,Pop,37i9dQZF1DX20VDU4OIBfS,1OB7cLxxCWA8gbbfjFNNej
305,0JQ5DAqbMKFEC4WFtoNRpw,Pop,37i9dQZF1DX20VDU4OIBfS,3ic95qCcp0njJNb3mJTZaP
306,0JQ5DAqbMKFEC4WFtoNRpw,Pop,37i9dQZF1DX20VDU4OIBfS,0kVOor973ijVqOBhYqvaE8
307,0JQ5DAqbMKFEC4WFtoNRpw,Pop,37i9dQZF1DX20VDU4OIBfS,7ceiXwNZ2DwNIJ54tsJwRY
308,0JQ5DAqbMKFEC4WFtoNRpw,Pop,37i9dQZF1DX20VDU4OIBfS,4FdwRmlzP5KGM7OewGBYiu
309,0JQ5DAqbMKFEC4WFtoNRpw,Pop,37i9dQZF1DX20VDU4OIBfS,4Ffrs6kqh1cyNC1gdRWI38
310,0JQ5DAqbMKFEC4WFtoNRpw,Pop,37i9dQZF1DX20VDU4OIBfS,0WFatRyMXS4JVP9jSfO1Fe
311,0JQ5DAqbMKFEC4WFtoNRpw,Pop,37i9dQZF1DX20VDU4OIBfS,1skQgtTyuxpGsKgWUEhz7s
312,0JQ5DAqbMKFEC4WFtoNRpw,Pop,37i9dQZF1DX20VDU4OIBfS,3SPqDiyU1dKcWfBBWpPEC3
313,0JQ5DAqbMKFEC4WFtoNRpw,Pop,37i9dQZF1DX20VDU4OIBfS,419FFiitGchOUaIMEY7Dqi
314,0JQ5DAqbMKFEC4WFtoNRpw,Pop,37i9dQZF1DX20VDU4OIBfS,6LmKDVBBlMsWqUbuNTeCuF
315,0JQ5DAqbMKFEC4WFtoNRpw,Pop,37i9dQZF1DX20VDU4OIBfS,3PyTaC8BN0de4KfYaQDtBs
316,0JQ5DAqbMKFEC4WFtoNRpw,Pop,37i9dQZF1DX20VDU4OIBfS,2OY00BdjZx4wVLoAsFaked
317,0JQ5DAqbMKFEC4WFtoNRpw,Pop,37i9dQZF1DX20VDU4OIBfS,04Xdk7F9HgyHBcAwO7KE3F
318,0JQ5DAqbMKFEC4WFtoNRpw,Pop,37i9dQZF1DX20VDU4OIBfS,0YvKdz58OcwgYdS67NJkkU
319,0JQ5DAqbMKFEC4WFtoNRpw,Pop,37i9dQZF1DX20VDU4OIBfS,5IU4JO2cpa0wPK8oQWFfCr
320,0JQ5DAqbMKFEC4WFtoNRpw,Pop,37i9dQZF1DX20VDU4OIBfS,31BsrpQphP6KiRXjvJix5R
321,0JQ5DAqbMKFEC4WFtoNRpw,Pop,37i9dQZF1DX20VDU4OIBfS,5vmqRHDrMgdbw3CIvQycbj
322,0JQ5DAqbMKFEC4WFtoNRpw,Pop,37i9dQZF1DX20VDU4OIBfS,2LGNlsFbufs6T6no1w8kfZ
323,0JQ5DAqbMKFEC4WFtoNRpw,Pop,37i9dQZF1DX20VDU4OIBfS,1Wv08uEqny4IZk45kPH6rx
324,0JQ5DAqbMKFEC4WFtoNRpw,Pop,37i9dQZF1DX20VDU4OIBfS,5UPd6Gyj4aoaTUTlpWSak5
325,0JQ5DAqbMKFEC4WFtoNRpw,Pop,37i9dQZF1DX20VDU4OIBfS,4tAwP9QKeLEQJ2fgd1RWcY
326,0JQ5DAqbMKFEC4WFtoNRpw,Pop,37i9dQZF1DX20VDU4OIBfS,6P3dT8EkJd0LOyZklOl0Na
327,0JQ5DAqbMKFEC4WFtoNRpw,Pop,37i9dQZF1DX20VDU4OIBfS,6PyXH8zknCSDFUMMpWlqmm
328,0JQ5DAqbMKFEC4WFtoNRpw,Pop,37i9dQZF1DX20VDU4OIBfS,588L3T9VgPngwtXUiFWnf6
329,0JQ5DAqbMKFEC4WFtoNRpw,Pop,37i9dQZF1DX20VDU4OIBfS,41JBXtssxYuLMyiBwwlnY6
330,0JQ5DAqbMKFEC4WFtoNRpw,Pop,37i9dQZF1DX20VDU4OIBfS,08Jr52g99jcHUYx9NhU0IE
331,0JQ5DAqbMKFEC4WFtoNRpw,Pop,37i9dQZF1DX20VDU4OIBfS,2FeYK41Grs7KdR9Nqoy1MK
332,0JQ5DAqbMKFEC4WFtoNRpw,Pop,37i9dQZF1DX20VDU4OIBfS,3kCCDi4L4yVw2FklTpEBdv
333,0JQ5DAqbMKFEC4WFtoNRpw,Pop,37i9dQZF1DX20VDU4OIBfS,5NYQS0JkqRRfhlliy0P3Dv
334,0JQ5DAqbMKFEC4WFtoNRpw,Pop,37i9dQZF1DX20VDU4OIBfS,3NKIbFFAioTfznWbnjAMXX
335,0JQ5DAqbMKFEC4WFtoNRpw,Pop,37i9dQZF1DX20VDU4OIBfS,1Ab8M5xfQ0nUTGSldQzAA2
336,0JQ5DAqbMKFEC4WFtoNRpw,Pop,37i9dQZF1DX20VDU4OIBfS,3vxsXUUU9jUJrGNP4APtj3
337,0JQ5DAqbMKFEC4WFtoNRpw,Pop,37i9dQZF1DX20VDU4OIBfS,0nwKAvbDJeBs5dPH8sdeRO
338,0JQ5DAqbMKFEC4WFtoNRpw,Pop,37i9dQZF1DX20VDU4OIBfS,3eg6Yi9x0gN3k4nD4h6il3
339,0JQ5DAqbMKFEC4WFtoNRpw,Pop,37i9dQZF1DX20VDU4OIBfS,0D337qdSUzMPXmrW20Mn5L
340,0JQ5DAqbMKFEC4WFtoNRpw,Pop,37i9dQZF1DX20VDU4OIBfS,3PFyeq4aBtLfShPJ9oiK4p
341,0JQ5DAqbMKFEC4WFtoNRpw,Pop,37i9dQZF1DX20VDU4OIBfS,4hWUYwFwJKpu4o49Gon76Z
342,0JQ5DAqbMKFEC4WFtoNRpw,Pop,37i9dQZF1DX20VDU4OIBfS,5PuY7F2jpk1yuD3ZNvzT85
343,0JQ5DAqbMKFEC4WFtoNRpw,Pop,37i9dQZF1DX20VDU4OIBfS,03oCjV73Utu9KpXrgcqoTJ
344,0JQ5DAqbMKFEC4WFtoNRpw,Pop,37i9dQZF1DX20VDU4OIBfS,7Bewui7KtaMzROeteRitRz
345,0JQ5DAqbMKFEC4WFtoNRpw,Pop,37i9dQZF1DX20VDU4OIBfS,3bWMCH2M7JWUga1WRagDzs
346,0JQ5DAqbMKFEC4WFtoNRpw,Pop,37i9dQZF1DX20VDU4OIBfS,7cGgfuTFHDRA0b7zdzEg6R
347,0JQ5DAqbMKFEC4WFtoNRpw,Pop,37i9dQZF1DX20VDU4OIBfS,17oji5hYaIqOFWFnPPWCeJ
348,0JQ5DAqbMKFEC4WFtoNRpw,Pop,37i9dQZF1DX20VDU4OIBfS,4vhU2Qz2DLYmOMCd5UqKph
349,0JQ5DAqbMKFEC4WFtoNRpw,Pop,37i9dQZF1DX20VDU4OIBfS,42QWOsW1f9uDu9zsoUAE73
350,0JQ5DAqbMKFEC4WFtoNRpw,Pop,37i9dQZF1DX20VDU4OIBfS,38sK8PSXXgZMLZujwgvNUH
351,0JQ5DAqbMKFEC4WFtoNRpw,Pop,37i9dQZF1DX20VDU4OIBfS,3yGTCMzOnSd66VepQCd1ZK
352,0JQ5DAqbMKFEC4WFtoNRpw,Pop,37i9dQZF1DX20VDU4OIBfS,2i7oFlgafYTgri8LvGueYt
353,0JQ5DAqbMKFEC4WFtoNRpw,Pop,37i9dQZF1DX20VDU4OIBfS,3pz19CAY4yX7FSnTWDu3La
354,0JQ5DAqbMKFEC4WFtoNRpw,Pop,37i9dQZF1DX20VDU4OIBfS,5iLAU648CgzEupYdWuWdp5
355,0JQ5DAqbMKFEC4WFtoNRpw,Pop,37i9dQZF1DX20VDU4OIBfS,6UqbBLltlDQ7ozlRswVWeu
356,0JQ5DAqbMKFEC4WFtoNRpw,Pop,37i9dQZF1DX20VDU4OIBfS,3XtPN9Var7rerjAzLsCAHt
357,0JQ5DAqbMKFEC4WFtoNRpw,Pop,37i9dQZF1DX20VDU4OIBfS,3TSJgodP7iM95y0kODUSyp
358,0JQ5DAqbMKFEC4WFtoNRpw,Pop,37i9dQZF1DX20VDU4OIBfS,7sj71Y12St8KlvMpBt4K27
359,0JQ5DAqbMKFEC4WFtoNRpw,Pop,37i9dQZF1DX20VDU4OIBfS,70ZDTO70VvcVBQB3ibtP3m
360,0JQ5DAqbMKFEC4WFtoNRpw,Pop,37i9dQZF1DX20VDU4OIBfS,73MuQb9jIoryiOig4hDQhT
361,0JQ5DAqbMKFEC4WFtoNRpw,Pop,37i9dQZF1DX20VDU4OIBfS,2N1u2w7dbHt058hi7pIFjW
362,0JQ5DAqbMKFEC4WFtoNRpw,Pop,37i9dQZF1DX20VDU4OIBfS,2YhVvYKpwAFM01pCAn0rTW
363,0JQ5DAqbMKFEC4WFtoNRpw,Pop,37i9dQZF1DX20VDU4OIBfS,2HtaztxlMW5bPI7ddDSXDd
364,0JQ5DAqbMKFEC4WFtoNRpw,Pop,37i9dQZF1DX20VDU4OIBfS,6BIRIBJuEGLds1oAxvybLO
365,0JQ5DAqbMKFEC4WFtoNRpw,Pop,37i9dQZF1DX20VDU4OIBfS,1ZJe2q23LXHnE79UjnJqyx
366,0JQ5DAqbMKFEC4WFtoNRpw,Pop,37i9dQZF1DX20VDU4OIBfS,0TL0wshZGOrvNcUD66HGfq
367,0JQ5DAqbMKFEC4WFtoNRpw,Pop,37i9dQZF1DX20VDU4OIBfS,2qlmlFRhYMgaekmCuxxK0o
368,0JQ5DAqbMKFEC4WFtoNRpw,Pop,37i9dQZF1DX20VDU4OIBfS,45k6YC7usGnU34FRz8peZd
369,0JQ5DAqbMKFEC4WFtoNRpw,Pop,37i9dQZF1DX20VDU4OIBfS,3gO8mvkxIcyF9N7Vd1WM2i
370,0JQ5DAqbMKFEC4WFtoNRpw,Pop,37i9dQZF1DX20VDU4OIBfS,37amjDwMG9SQQ1xQETzBm9
371,0JQ5DAqbMKFEC4WFtoNRpw,Pop,37i9dQZF1DX20VDU4OIBfS,0UOH706F2rU84cbI1HnGto
372,0JQ5DAqbMKFEC4WFtoNRpw,Pop,37i9dQZF1DX20VDU4OIBfS,2avnbTB2bVyKI2nz553XuH
373,0JQ5DAqbMKFEC4WFtoNRpw,Pop,37i9dQZF1DX20VDU4OIBfS,6cy5hG9A8uYZiDeEIILLkB
374,0JQ5DAqbMKFEC4WFtoNRpw,Pop,37i9dQZF1DX20VDU4OIBfS,1lDx45n8dnAU1v9yct5bxU
375,0JQ5DAqbMKFEC4WFtoNRpw,Pop,37i9dQZF1DX20VDU4OIBfS,1UPPpJhqQW34QGEjRx32jF
376,0JQ5DAqbMKFEC4WFtoNRpw,Pop,37i9dQZF1DX20VDU4OIBfS,3dvw72c1XCh2oznmecISzA
377,0JQ5DAqbMKFEC4WFtoNRpw,Pop,37i9dQZF1DX20VDU4OIBfS,2qndofldhCJ8D94cdWDuWH
378,0JQ5DAqbMKFEC4WFtoNRpw,Pop,37i9dQZF1DX20VDU4OIBfS,5rH8LM84M3eG0ZtzkkYMLD
379,0JQ5DAqbMKFEC4WFtoNRpw,Pop,37i9dQZF1DX20VDU4OIBfS,3Pr70knS8uTSiKbwf4rGav
380,0JQ5DAqbMKFEC4WFtoNRpw,Pop,37i9dQZF1DX20VDU4OIBfS,2PxGGRmj5yunYdNF2Ud2vm
381,0JQ5DAqbMKFEC4WFtoNRpw,Pop,37i9dQZF1DX20VDU4OIBfS,2d6m2u18196oYQS2mbaO6t
382,0JQ5DAqbMKFEC4WFtoNRpw,Pop,37i9dQZF1DX20VDU4OIBfS,7nY8fkDi2zmlQQHGSN9U9m
383,0JQ5DAqbMKFEC4WFtoNRpw,Pop,37i9dQZF1DX20VDU4OIBfS,5FVBS2wgzQ66TTCeOSkmZq
384,0JQ5DAqbMKFEC4WFtoNRpw,Pop,37i9dQZF1DX20VDU4OIBfS,7lmK8HJzXjD7JW88tQGVUT
385,0JQ5DAqbMKFEC4WFtoNRpw,Pop,37i9dQZF1DX20VDU4OIBfS,6RWXqBgjdLyAVFnJbyPCR8
386,0JQ5DAqbMKFEC4WFtoNRpw,Pop,37i9dQZF1DX20VDU4OIBfS,3uNHsihawfIiZv8XClEZoY
387,0JQ5DAqbMKFEC4WFtoNRpw,Pop,37i9dQZF1DX20VDU4OIBfS,5AuS5Nk1vs2vJNPlwB04F1
388,0JQ5DAqbMKFEC4WFtoNRpw,Pop,37i9dQZF1DX20VDU4OIBfS,62nLNuTjFfyJczHfln6mw2
389,0JQ5DAqbMKFEC4WFtoNRpw,Pop,37i9dQZF1DX20VDU4OIBfS,37QuCMe2SASXrkLm5NhT5m
390,0JQ5DAqbMKFEC4WFtoNRpw,Pop,37i9dQZF1DX20VDU4OIBfS,0qLqqJYI7wW8w93fgqd2LN
391,0JQ5DAqbMKFEC4WFtoNRpw,Pop,37i9dQZF1DX20VDU4OIBfS,5qPsvYBxpqxZYwRgq1SQ9j
392,0JQ5DAqbMKFEC4WFtoNRpw,Pop,37i9dQZF1DX20VDU4OIBfS,4rnTiuGY36NyQDM3zFmXPU
393,0JQ5DAqbMKFEC4WFtoNRpw,Pop,37i9dQZF1DX20VDU4OIBfS,0ElaCi1Qf86iEWhsxCw5h5
394,0JQ5DAqbMKFEC4WFtoNRpw,Pop,37i9dQZF1DX20VDU4OIBfS,5j2tKp2lqR5a5V8ArWOEDe
395,0JQ5DAqbMKFEC4WFtoNRpw,Pop,37i9dQZF1DX20VDU4OIBfS,1EjTQ72d5YuDI3yD3n5e4a
396,0JQ5DAqbMKFEC4WFtoNRpw,Pop,37i9dQZF1DX20VDU4OIBfS,2vh3jeYAeR50YuigR7mGwo
397,0JQ5DAqbMKFEC4WFtoNRpw,Pop,37i9dQZF1DX20VDU4OIBfS,5t6GyhawtK5itjpDdvGGx0
398,0JQ5DAqbMKFEC4WFtoNRpw,Pop,37i9dQZF1DX20VDU4OIBfS,3C9fAn3IgajBTwR274huch
399,0JQ5DAqbMKFEC4WFtoNRpw,Pop,37i9dQZF1DX20VDU4OIBfS,2tXPf8RAtIRIoVp0bSOKEr
400,0JQ5DAqbMKFEC4WFtoNRpw,Pop,37i9dQZF1DX20VDU4OIBfS,0VmvHXrh43fkRYszGYYRck
401,0JQ5DAqbMKFEC4WFtoNRpw,Pop,37i9dQZF1DX20VDU4OIBfS,3yeT1oIBRGuEhOb3OCvL2z
402,0JQ5DAqbMKFEC4WFtoNRpw,Pop,37i9dQZF1DX20VDU4OIBfS,75OneVe1xHrgSiVEOiLGxb
403,0JQ5DAqbMKFEC4WFtoNRpw,Pop,37i9dQZF1DX20VDU4OIBfS,1wUQK1O1tL1UdFNw2j9Y34
404,0JQ5DAqbMKFEC4WFtoNRpw,Pop,37i9dQZF1DX20VDU4OIBfS,5C7wTCd20Ftl6bbW70qOA4
405,0JQ5DAqbMKFEC4WFtoNRpw,Pop,37i9dQZF1DX20VDU4OIBfS,5DP6Uxk8O9ej6xLPb4gDiE
406,0JQ5DAqbMKFEC4WFtoNRpw,Pop,37i9dQZF1DX20VDU4OIBfS,1611GmlolwbEqZgoi3nqvN
407,0JQ5DAqbMKFEC4WFtoNRpw,Pop,37i9dQZF1DX20VDU4OIBfS,2xWNLtRPgcQwjTWjhncnJF
408,0JQ5DAqbMKFHOzuVTgTizF,Dance/Electronic,37i9dQZF1DX2TRYkJECvfC,2m8dDOhC8fIaCFQ53c1l5z
409,0JQ5DAqbMKFHOzuVTgTizF,Dance/Electronic,37i9dQZF1DX2TRYkJECvfC,7dTkiXLxCLpAquNt3MulYB
410,0JQ5DAqbMKFHOzuVTgTizF,Dance/Electronic,37i9dQZF1DX2TRYkJECvfC,6I7nESv5d9zf9DcEA9I25u
411,0JQ5DAqbMKFHOzuVTgTizF,Dance/Electronic,37i9dQZF1DX2TRYkJECvfC,27cgqh0VRhVeM61ugTnorD
412,0JQ5DAqbMKFHOzuVTgTizF,Dance/Electronic,37i9dQZF1DX2TRYkJECvfC,4HWadIQagwXOjf14aUD6qg
413,0JQ5DAqbMKFHOzuVTgTizF,Dance/Electronic,37i9dQZF1DX2TRYkJECvfC,3cwl2Mnq8urylYJNCvLJdZ
414,0JQ5DAqbMKFHOzuVTgTizF,Dance/Electronic,37i9dQZF1DX2TRYkJECvfC,67f7gMWZ2PJI7IsUBs3mNQ
415,0JQ5DAqbMKFHOzuVTgTizF,Dance/Electronic,37i9dQZF1DX2TRYkJECvfC,1XtlpDLDLbuk9mFnUs614k
416,0JQ5DAqbMKFHOzuVTgTizF,Dance/Electronic,37i9dQZF1DX2TRYkJECvfC,05GiEzky4rkUc2aS95qaUr
417,0JQ5DAqbMKFHOzuVTgTizF,Dance/Electronic,37i9dQZF1DX2TRYkJECvfC,5wILnj9sHZqmi0IKNQrgil
418,0JQ5DAqbMKFHOzuVTgTizF,Dance/Electronic,37i9dQZF1DX2TRYkJECvfC,6mGA7mSuXx8o1ytfnImc7s
419,0JQ5DAqbMKFHOzuVTgTizF,Dance/Electronic,37i9dQZF1DX2TRYkJECvfC,6QoVPPIRdkiNCVcCUJOzbI
420,0JQ5DAqbMKFHOzuVTgTizF,Dance/Electronic,37i9dQZF1DX2TRYkJECvfC,4WyhOKXtCkNVcgfTBpYaxm
421,0JQ5DAqbMKFHOzuVTgTizF,Dance/Electronic,37i9dQZF1DX2TRYkJECvfC,54wXdsqswPdmoMpxlDhRsm
422,0JQ5DAqbMKFHOzuVTgTizF,Dance/Electronic,37i9dQZF1DX2TRYkJECvfC,01pdcdTTNU68wz3nelUulJ
423,0JQ5DAqbMKFHOzuVTgTizF,Dance/Electronic,37i9dQZF1DX2TRYkJECvfC,7fKAiHWnUcGeZ4BFFItpQy
424,0JQ5DAqbMKFHOzuVTgTizF,Dance/Electronic,37i9dQZF1DX2TRYkJECvfC,4Pd7JgZI8zvewbeZLsIDxe
425,0JQ5DAqbMKFHOzuVTgTizF,Dance/Electronic,37i9dQZF1DX2TRYkJECvfC,5NfgFRdfNQ4HFVPGRoVMU6
426,0JQ5DAqbMKFHOzuVTgTizF,Dance/Electronic,37i9dQZF1DX2TRYkJECvfC,0T9qmOvid82TeLi4ZyyA9D
427,0JQ5DAqbMKFHOzuVTgTizF,Dance/Electronic,37i9dQZF1DX2TRYkJECvfC,6ymVxYG0UHqIjXmclbE1cu
428,0JQ5DAqbMKFHOzuVTgTizF,Dance/Electronic,37i9dQZF1DX2TRYkJECvfC,6wSH047nyWHvlasvivVeMK
429,0JQ5DAqbMKFHOzuVTgTizF,Dance/Electronic,37i9dQZF1DX2TRYkJECvfC,0Kavkt38dZ0P4G2zSYHb6E
430,0JQ5DAqbMKFHOzuVTgTizF,Dance/Electronic,37i9dQZF1DX2TRYkJECvfC,2kts9CqkgeHyJLIN22WAwb
431,0JQ5DAqbMKFHOzuVTgTizF,Dance/Electronic,37i9dQZF1DX2TRYkJECvfC,34KMYJ2e5ouT1qfOEJgfIe
432,0JQ5DAqbMKFHOzuVTgTizF,Dance/Electronic,37i9dQZF1DX2TRYkJECvfC,22UDmbP8eiz97tNyACphRl
433,0JQ5DAqbMKFHOzuVTgTizF,Dance/Electronic,37i9dQZF1DX2TRYkJECvfC,2L9M3x9RTHoJ313ajYr0dg
434,0JQ5DAqbMKFHOzuVTgTizF,Dance/Electronic,37i9dQZF1DX2TRYkJECvfC,5pRH7tcR0X86sU1wAsY5fA
435,0JQ5DAqbMKFHOzuVTgTizF,Dance/Electronic,37i9dQZF1DX2TRYkJECvfC,7tdviypkABEstu9z7gSB27
436,0JQ5DAqbMKFHOzuVTgTizF,Dance/Electronic,37i9dQZF1DX2TRYkJECvfC,3jCTivI1jcDKREf1KKbhM6
437,0JQ5DAqbMKFHOzuVTgTizF,Dance/Electronic,37i9dQZF1DX2TRYkJECvfC,4HKlwvhCbzpbQxs5SVKSKh
438,0JQ5DAqbMKFHOzuVTgTizF,Dance/Electronic,37i9dQZF1DX2TRYkJECvfC,0Jb3Kq7oDqRznHPIcrQpiX
439,0JQ5DAqbMKFHOzuVTgTizF,Dance/Electronic,37i9dQZF1DX2TRYkJECvfC,0owkRiLsjtXe3JKYxt9tf5
440,0JQ5DAqbMKFHOzuVTgTizF,Dance/Electronic,37i9dQZF1DX2TRYkJECvfC,6i6Jj8hSVfpvqiXnVSvsTe
441,0JQ5DAqbMKFHOzuVTgTizF,Dance/Electronic,37i9dQZF1DX2TRYkJECvfC,2pmbbUP1lTKZ7voVz0zwmP
442,0JQ5DAqbMKFHOzuVTgTizF,Dance/Electronic,37i9dQZF1DX2TRYkJECvfC,5dHMA3NFsOyFKGJ7ML8hO1
443,0JQ5DAqbMKFHOzuVTgTizF,Dance/Electronic,37i9dQZF1DX2TRYkJECvfC,0JDSAbpZjlSMP2fpFjtiuN
444,0JQ5DAqbMKFHOzuVTgTizF,Dance/Electronic,37i9dQZF1DX2TRYkJECvfC,2u9o4jlbtzqdy2bsBX9FYK
445,0JQ5DAqbMKFHOzuVTgTizF,Dance/Electronic,37i9dQZF1DX2TRYkJECvfC,6YFRyll4isFUJrbHSeM1oJ
446,0JQ5DAqbMKFHOzuVTgTizF,Dance/Electronic,37i9dQZF1DX2TRYkJECvfC,3HnJq0iCE0bVO1yYFxNX1C
447,0JQ5DAqbMKFHOzuVTgTizF,Dance/Electronic,37i9dQZF1DX2TRYkJECvfC,1rzH1WxcHyLEyBuErJQVO0
448,0JQ5DAqbMKFHOzuVTgTizF,Dance/Electronic,37i9dQZF1DX2TRYkJECvfC,1ek1kNO1a5EJCNIUvNs5XI
449,0JQ5DAqbMKFHOzuVTgTizF,Dance/Electronic,37i9dQZF1DX2TRYkJECvfC,5YQQ9zU5mxgQcKDC3YSHnd
450,0JQ5DAqbMKFHOzuVTgTizF,Dance/Electronic,37i9dQZF1DX2TRYkJECvfC,1bNo2ybJL8rmZzOdd6T3sG
451,0JQ5DAqbMKFHOzuVTgTizF,Dance/Electronic,37i9dQZF1DX2TRYkJECvfC,3cUUVRG0w6BmUgd4Jvq7MZ
452,0JQ5DAqbMKFHOzuVTgTizF,Dance/Electronic,37i9dQZF1DX2TRYkJECvfC,3SYO8wU4bEgIYt7AeGRIwG
453,0JQ5DAqbMKFHOzuVTgTizF,Dance/Electronic,37i9dQZF1DX2TRYkJECvfC,0mqObq0LCWmM0P0zLQd1eh
454,0JQ5DAqbMKFHOzuVTgTizF,Dance/Electronic,37i9dQZF1DX2TRYkJECvfC,3jOZEvgu6UoEp77kzJjfHS
455,0JQ5DAqbMKFHOzuVTgTizF,Dance/Electronic,37i9dQZF1DX2TRYkJECvfC,2UmiXqJJ3qQooP5pUuiI0W
456,0JQ5DAqbMKFHOzuVTgTizF,Dance/Electronic,37i9dQZF1DX2TRYkJECvfC,6NWAAl3Awelh8I7cs4ud2w
457,0JQ5DAqbMKFHOzuVTgTizF,Dance/Electronic,37i9dQZF1DX2TRYkJECvfC,5tSEY4tjB8P44FkYDFuB48
458,0JQ5DAqbMKFHOzuVTgTizF,Dance/Electronic,37i9dQZF1DX2TRYkJECvfC,3jlFMDKI3hjKvqzXry1Yq1
459,0JQ5DAqbMKFHOzuVTgTizF,Dance/Electronic,37i9dQZF1DX2TRYkJECvfC,1BbXlbs8pWeYI2yGpGhuzA
460,0JQ5DAqbMKFHOzuVTgTizF,Dance/Electronic,37i9dQZF1DX2TRYkJECvfC,6YzXlsjXVZTwUoKSwHZsuF
461,0JQ5DAqbMKFHOzuVTgTizF,Dance/Electronic,37i9dQZF1DX2TRYkJECvfC,6mIce4eaRg6UOFHABNX2xL
462,0JQ5DAqbMKFHOzuVTgTizF,Dance/Electronic,37i9dQZF1DX2TRYkJECvfC,6kvinwAz4dSKmLYMt5dP6O
463,0JQ5DAqbMKFHOzuVTgTizF,Dance/Electronic,37i9dQZF1DX2TRYkJECvfC,4sYlMnN8YyYZUkmwGsAxoZ
464,0JQ5DAqbMKFHOzuVTgTizF,Dance/Electronic,37i9dQZF1DX2TRYkJECvfC,6BRr6a4zwmI7H3c7IBSsK5
465,0JQ5DAqbMKFHOzuVTgTizF,Dance/Electronic,37i9dQZF1DX2TRYkJECvfC,3pNnSLPQUHxUrLMoiMNN6d
466,0JQ5DAqbMKFHOzuVTgTizF,Dance/Electronic,37i9dQZF1DX2TRYkJECvfC,05rQuHa8lWk9PTpQUqcO31
467,0JQ5DAqbMKFHOzuVTgTizF,Dance/Electronic,37i9dQZF1DX2TRYkJECvfC,6KYAD5ruYEBECCZ7cmrZgl
468,0JQ5DAqbMKFHOzuVTgTizF,Dance/Electronic,37i9dQZF1DX2TRYkJECvfC,2zdqREDAOMvugQI0UObaAK
469,0JQ5DAqbMKFHOzuVTgTizF,Dance/Electronic,37i9dQZF1DX2TRYkJECvfC,5eGHURckWZgrlb88GTkoPD
470,0JQ5DAqbMKFHOzuVTgTizF,Dance/Electronic,37i9dQZF1DX2TRYkJECvfC,0y50PSpOcYLOYrc0Xgw67R
471,0JQ5DAqbMKFHOzuVTgTizF,Dance/Electronic,37i9dQZF1DX2TRYkJECvfC,4xpTM1MCKhY91OGiOhHNf5
472,0JQ5DAqbMKFHOzuVTgTizF,Dance/Electronic,37i9dQZF1DX2TRYkJECvfC,5v09mpnFDvxtjgtKHDD5v0
473,0JQ5DAqbMKFHOzuVTgTizF,Dance/Electronic,37i9dQZF1DX2TRYkJECvfC,4jasV5CeMTmORbhAyQgTL3
474,0JQ5DAqbMKFHOzuVTgTizF,Dance/Electronic,37i9dQZF1DX2TRYkJECvfC,4wYiqFMQiGnUseioUWrdWU
475,0JQ5DAqbMKFHOzuVTgTizF,Dance/Electronic,37i9dQZF1DX2TRYkJECvfC,6tzJUHESntwmwNBJF4R5jD
476,0JQ5DAqbMKFHOzuVTgTizF,Dance/Electronic,37i9dQZF1DX2TRYkJECvfC,1rIxb5rv6BUWXT6xmLt91x
477,0JQ5DAqbMKFHOzuVTgTizF,Dance/Electronic,37i9dQZF1DX2TRYkJECvfC,1BpG59DLyW6jZxN2PYiUA3
478,0JQ5DAqbMKFHOzuVTgTizF,Dance/Electronic,37i9dQZF1DX2TRYkJECvfC,6H1qRu7bx0H8MwUHHQQ5P4
479,0JQ5DAqbMKFHOzuVTgTizF,Dance/Electronic,37i9dQZF1DX2TRYkJECvfC,4hq1oUeJruAfgsEmfdtgLR
480,0JQ5DAqbMKFHOzuVTgTizF,Dance/Electronic,37i9dQZF1DX2TRYkJECvfC,3gXM39jnW18uL5Zyg47wXN
481,0JQ5DAqbMKFHOzuVTgTizF,Dance/Electronic,37i9dQZF1DX2TRYkJECvfC,2uK3ghC7nVXanDzeTL22Zw
482,0JQ5DAqbMKFHOzuVTgTizF,Dance/Electronic,37i9dQZF1DX2TRYkJECvfC,6O6ifYgHe37Tjmamh74vy9
483,0JQ5DAqbMKFHOzuVTgTizF,Dance/Electronic,37i9dQZF1DX2TRYkJECvfC,1GuU6PQkEwhS6slsbuIKGz
484,0JQ5DAqbMKFHOzuVTgTizF,Dance/Electronic,37i9dQZF1DX2TRYkJECvfC,0g8ndiFkgEg0qHC50VS4Zg
485,0JQ5DAqbMKFHOzuVTgTizF,Dance/Electronic,37i9dQZF1DX2TRYkJECvfC,75r1wc5lI6XCxGVBRSJ5lY
486,0JQ5DAqbMKFHOzuVTgTizF,Dance/Electronic,37i9dQZF1DX2TRYkJECvfC,18nGprzEucUO4FF768lLhe
487,0JQ5DAqbMKFHOzuVTgTizF,Dance/Electronic,37i9dQZF1DX2TRYkJECvfC,0VRRRETDAp4aubJJAlhXjH
488,0JQ5DAqbMKFHOzuVTgTizF,Dance/Electronic,37i9dQZF1DX2TRYkJECvfC,2C8c1RN9BDuwR7DiIXqYNY
489,0JQ5DAqbMKFHOzuVTgTizF,Dance/Electronic,37i9dQZF1DX2TRYkJECvfC,6dOLWS1ee89ZezU4aRnpaX
490,0JQ5DAqbMKFHOzuVTgTizF,Dance/Electronic,37i9dQZF1DX2TRYkJECvfC,5jAAoKfKfENn8EfjqfItKX
491,0JQ5DAqbMKFHOzuVTgTizF,Dance/Electronic,37i9dQZF1DX2TRYkJECvfC,1TS3hIyeGdWqeBQyj5HgoT
492,0JQ5DAqbMKFHOzuVTgTizF,Dance/Electronic,37i9dQZF1DX2TRYkJECvfC,0HWtI9cjfnVzU0q3hHc0ph
493,0JQ5DAqbMKFHOzuVTgTizF,Dance/Electronic,37i9dQZF1DX2TRYkJECvfC,24gEf9r2dDBoWNZwN4lOss
494,0JQ5DAqbMKFHOzuVTgTizF,Dance/Electronic,37i9dQZF1DX2TRYkJECvfC,10LSigkAHxT3yBe1rQJpBv
495,0JQ5DAqbMKFHOzuVTgTizF,Dance/Electronic,37i9dQZF1DX2TRYkJECvfC,1WVVHCbf9vWmb0dLI5ZGhB
496,0JQ5DAqbMKFHOzuVTgTizF,Dance/Electronic,37i9dQZF1DX2TRYkJECvfC,2b4xMVXYYIIbWjDLSy1Wcv
497,0JQ5DAqbMKFHOzuVTgTizF,Dance/Electronic,37i9dQZF1DX2TRYkJECvfC,5Zm8huZ4tzDm7eLKFScrE8
498,0JQ5DAqbMKFHOzuVTgTizF,Dance/Electronic,37i9dQZF1DX2TRYkJECvfC,3wbUuzRdemeNJuqnMNBC9m
499,0JQ5DAqbMKFHOzuVTgTizF,Dance/Electronic,37i9dQZF1DX2TRYkJECvfC,69ZWVeHTMA8zwjOiCfpvOi
500,0JQ5DAqbMKFHOzuVTgTizF,Dance/Electronic,37i9dQZF1DX2TRYkJECvfC,6a6D34Zl60ClugkltmryYp
501,0JQ5DAqbMKFHOzuVTgTizF,Dance/Electronic,37i9dQZF1DX2TRYkJECvfC,4KyEeZwIuoFH0n68qvl35b
502,0JQ5DAqbMKFHOzuVTgTizF,Dance/Electronic,37i9dQZF1DX2TRYkJECvfC,1o5ZPbk5NxzAODTs698XTz
503,0JQ5DAqbMKFHOzuVTgTizF,Dance/Electronic,37i9dQZF1DX2TRYkJECvfC,3XJRsEt8YMsLPXZNsLBVtU
504,0JQ5DAqbMKFHOzuVTgTizF,Dance/Electronic,37i9dQZF1DX2TRYkJECvfC,5EM9H0b9vbwPAkl7CWlEmS
505,0JQ5DAqbMKFHOzuVTgTizF,Dance/Electronic,37i9dQZF1DX2TRYkJECvfC,5idD707HmiYqTU8TifpPc8
506,0JQ5DAqbMKFHOzuVTgTizF,Dance/Electronic,37i9dQZF1DX2TRYkJECvfC,0AYA7mZrC4SvoB8Bq5E7yA
507,0JQ5DAqbMKFHOzuVTgTizF,Dance/Electronic,37i9dQZF1DX2TRYkJECvfC,1Gu8YosrIxq31SoQA1Nwfh
508,0JQ5DAqbMKFHOzuVTgTizF,Dance/Electronic,37i9dQZF1DX2TRYkJECvfC,6XuKWXObGRTtoe2NoO3xZA
509,0JQ5DAqbMKFHOzuVTgTizF,Dance/Electronic,37i9dQZF1DX2TRYkJECvfC,0vypXe8paGmxoY0fxkLh0X
510,0JQ5DAqbMKFHOzuVTgTizF,Dance/Electronic,37i9dQZF1DX2TRYkJECvfC,3EMGPuLLcXxJkT8wipZjy9
511,0JQ5DAqbMKFHOzuVTgTizF,Dance/Electronic,37i9dQZF1DX2TRYkJECvfC,5XYSBPFLufUCyMo3hXD9uP
512,0JQ5DAqbMKFHOzuVTgTizF,Dance/Electronic,37i9dQZF1DX2TRYkJECvfC,6sbTqflJcUFfyAbiWC8def
513,0JQ5DAqbMKFHOzuVTgTizF,Dance/Electronic,37i9dQZF1DX2TRYkJECvfC,5k1S9YYZUlxD8R57KFjh8p
514,0JQ5DAqbMKFHOzuVTgTizF,Dance/Electronic,37i9dQZF1DX2TRYkJECvfC,2CGaIWj2aaWdyCEVL7hVoa
515,0JQ5DAqbMKFHOzuVTgTizF,Dance/Electronic,37i9dQZF1DX2TRYkJECvfC,17GYXmglkF2qLMrOhR915Z
516,0JQ5DAqbMKFHOzuVTgTizF,Dance/Electronic,37i9dQZF1DX2TRYkJECvfC,3PiC11NGRcRxoXl87vnMws
517,0JQ5DAqbMKFHOzuVTgTizF,Dance/Electronic,37i9dQZF1DX2TRYkJECvfC,4zEbnQ59YXDeCC8Cc81pjc
518,0JQ5DAqbMKFHOzuVTgTizF,Dance/Electronic,37i9dQZF1DX2TRYkJECvfC,5DKBr9vESCkzrYczL36MnL
519,0JQ5DAqbMKFHOzuVTgTizF,Dance/Electronic,37i9dQZF1DX2TRYkJECvfC,1W3qMFgSzMHyqkefFr9MuM
520,0JQ5DAqbMKFHOzuVTgTizF,Dance/Electronic,37i9dQZF1DX2TRYkJECvfC,0Keuz1iGQsOdIxqsdbKanO
521,0JQ5DAqbMKFHOzuVTgTizF,Dance/Electronic,37i9dQZF1DX2TRYkJECvfC,6BTrnCVnRpQCRWwXb0bIyc
522,0JQ5DAqbMKFHOzuVTgTizF,Dance/Electronic,37i9dQZF1DX2TRYkJECvfC,7I1e5uMItJ9kiTWFyUayVs
523,0JQ5DAqbMKFHOzuVTgTizF,Dance/Electronic,37i9dQZF1DX2TRYkJECvfC,75ZMW4hqyXQ2TgF6pL1Giz
524,0JQ5DAqbMKFHOzuVTgTizF,Dance/Electronic,37i9dQZF1DX2TRYkJECvfC,4HXpEQIUgWsrbe3Nj0yC3P
525,0JQ5DAqbMKFHOzuVTgTizF,Dance/Electronic,37i9dQZF1DX2TRYkJECvfC,5xUomxrzkIr0MAP9YQur24
526,0JQ5DAqbMKFHOzuVTgTizF,Dance/Electronic,37i9dQZF1DX2TRYkJECvfC,6G9tVTEeSxmJZ80us9Lx3f
527,0JQ5DAqbMKFHOzuVTgTizF,Dance/Electronic,37i9dQZF1DX2TRYkJECvfC,6RkBU15iuIWpNA67pL4ZE7
528,0JQ5DAqbMKFHOzuVTgTizF,Dance/Electronic,37i9dQZF1DX2TRYkJECvfC,0IEuz3GjLdjk8WQfPw8Q3m
529,0JQ5DAqbMKFHOzuVTgTizF,Dance/Electronic,37i9dQZF1DX2TRYkJECvfC,3VedZEruDuibIF8oQONu5k
530,0JQ5DAqbMKFHOzuVTgTizF,Dance/Electronic,37i9dQZF1DX2TRYkJECvfC,1xltPGjeNgtjO8zLHZ6mCf
531,0JQ5DAqbMKFHOzuVTgTizF,Dance/Electronic,37i9dQZF1DX2TRYkJECvfC,6SJZfclzkdmDt8ctjDDLbk
532,0JQ5DAqbMKFHOzuVTgTizF,Dance/Electronic,37i9dQZF1DX2TRYkJECvfC,7AiO8sAwdRa3Q4LdfVJ1TB
533,0JQ5DAqbMKFHOzuVTgTizF,Dance/Electronic,37i9dQZF1DX2TRYkJECvfC,2kvJDwV4Mfm2ItUUMmkzSx
534,0JQ5DAqbMKFHOzuVTgTizF,Dance/Electronic,37i9dQZF1DX2TRYkJECvfC,0Z3a7SIDVOUvZFgr73qq0V
535,0JQ5DAqbMKFHOzuVTgTizF,Dance/Electronic,37i9dQZF1DX2TRYkJECvfC,3mwjb8Ft1DJMOhqfW75Wac
536,0JQ5DAqbMKFHOzuVTgTizF,Dance/Electronic,37i9dQZF1DX2TRYkJECvfC,6oTrSmQUsvndDDQSMjqcyM
537,0JQ5DAqbMKFHOzuVTgTizF,Dance/Electronic,37i9dQZF1DX2TRYkJECvfC,74Jw6mRLWJZFj05fTrx4p9
538,0JQ5DAqbMKFHOzuVTgTizF,Dance/Electronic,37i9dQZF1DX2TRYkJECvfC,6skTPlJtkpqN7mM95QfsUD
539,0JQ5DAqbMKFHOzuVTgTizF,Dance/Electronic,37i9dQZF1DX2TRYkJECvfC,5td5z2iVZ8n9cF95pxXTVW
540,0JQ5DAqbMKFHOzuVTgTizF,Dance/Electronic,37i9dQZF1DX2TRYkJECvfC,0OHMCa0Rkui2VLkQxgVpVs
541,0JQ5DAqbMKFHOzuVTgTizF,Dance/Electronic,37i9dQZF1DX2TRYkJECvfC,4kVs5d1P8daSnqzPEWoPZC
542,0JQ5DAqbMKFHOzuVTgTizF,Dance/Electronic,37i9dQZF1DX2TRYkJECvfC,569WHNKLrlhueTZsAiegDm
543,0JQ5DAqbMKFHOzuVTgTizF,Dance/Electronic,37i9dQZF1DX2TRYkJECvfC,6qoGexJZGrmeeNxFpk9RJ6
544,0JQ5DAqbMKFHOzuVTgTizF,Dance/Electronic,37i9dQZF1DX2TRYkJECvfC,4xwUt1Ukkfc0b3DwsB3f2b
545,0JQ5DAqbMKFHOzuVTgTizF,Dance/Electronic,37i9dQZF1DX2TRYkJECvfC,2y7ub6xp3e69lpr1eZHzEv
546,0JQ5DAqbMKFHOzuVTgTizF,Dance/Electronic,37i9dQZF1DX2TRYkJECvfC,5F8ZtPUBSVjNygbxNfp4vR
547,0JQ5DAqbMKFHOzuVTgTizF,Dance/Electronic,37i9dQZF1DX2TRYkJECvfC,2hWkEkHNeR1xCTbNKYWX6D
548,0JQ5DAqbMKFHOzuVTgTizF,Dance/Electronic,37i9dQZF1DX2TRYkJECvfC,4509YwOHu4aDFR8gagFuw1
549,0JQ5DAqbMKFHOzuVTgTizF,Dance/Electronic,37i9dQZF1DX2TRYkJECvfC,1hdg5jyymn9UVOoqi9FY9o
550,0JQ5DAqbMKFHOzuVTgTizF,Dance/Electronic,37i9dQZF1DX2TRYkJECvfC,4yQRctOSENVDuXtLLndkbH
551,0JQ5DAqbMKFHOzuVTgTizF,Dance/Electronic,37i9dQZF1DX2TRYkJECvfC,1hgWPFzfyUuKPSieELghgg
552,0JQ5DAqbMKFHOzuVTgTizF,Dance/Electronic,37i9dQZF1DX2TRYkJECvfC,1yD1YZMizn5MnINHhN4Hwr
553,0JQ5DAqbMKFHOzuVTgTizF,Dance/Electronic,37i9dQZF1DX2TRYkJECvfC,0riJCeCbLqBwoVSnG3FMXM
554,0JQ5DAqbMKFHOzuVTgTizF,Dance/Electronic,37i9dQZF1DX2TRYkJECvfC,2vHPrrFhhiSH5GZZcGRSFm
555,0JQ5DAqbMKFHOzuVTgTizF,Dance/Electronic,37i9dQZF1DX2TRYkJECvfC,3zQwLgmWd0CDRIKZXq9WsW
556,0JQ5DAqbMKFHOzuVTgTizF,Dance/Electronic,37i9dQZF1DX2TRYkJECvfC,1mqPLbDc8DCRlTuyF26ste
557,0JQ5DAqbMKFHOzuVTgTizF,Dance/Electronic,37i9dQZF1DX2TRYkJECvfC,1RuMPMUxwdAZ0tMcaUwQiw
558,0JQ5DAqbMKFHOzuVTgTizF,Dance/Electronic,37i9dQZF1DX2TRYkJECvfC,6MLh79MhMrzh25OoF4o4hA
559,0JQ5DAqbMKFHOzuVTgTizF,Dance/Electronic,37i9dQZF1DX2TRYkJECvfC,6joasewIA9IiFRfPJPKu0A
560,0JQ5DAqbMKFHOzuVTgTizF,Dance/Electronic,37i9dQZF1DX2TRYkJECvfC,4cWrrjsKvHnKV8uqlUF8kb
561,0JQ5DAqbMKFHOzuVTgTizF,Dance/Electronic,37i9dQZF1DX2TRYkJECvfC,2CrlhJAUBfMc53CYt0v8ev
562,0JQ5DAqbMKFHOzuVTgTizF,Dance/Electronic,37i9dQZF1DX2TRYkJECvfC,03q9AtM0x9F3a6IegdR4C8
563,0JQ5DAqbMKFHOzuVTgTizF,Dance/Electronic,37i9dQZF1DX2TRYkJECvfC,5flc3EC89NJgZa1EuxaEr7
564,0JQ5DAqbMKFHOzuVTgTizF,Dance/Electronic,37i9dQZF1DX2TRYkJECvfC,2cR1w1HbWarKVJWZCQgnga
565,0JQ5DAqbMKFHOzuVTgTizF,Dance/Electronic,37i9dQZF1DX2TRYkJECvfC,5QeJCkBNHe6a8T5uusmqIv
566,0JQ5DAqbMKFHOzuVTgTizF,Dance/Electronic,37i9dQZF1DX2TRYkJECvfC,2yMFXtHHJTMTv2ynWl6avF
567,0JQ5DAqbMKFHOzuVTgTizF,Dance/Electronic,37i9dQZF1DX2TRYkJECvfC,0LlGYQSAJZI5QrR5hblT6s
568,0JQ5DAqbMKFHOzuVTgTizF,Dance/Electronic,37i9dQZF1DX2TRYkJECvfC,1xtAsTz9HdPJX20KUlQ3sB
569,0JQ5DAqbMKFHOzuVTgTizF,Dance/Electronic,37i9dQZF1DX2TRYkJECvfC,6cOie6oyMHzoVHLmpLfHN4
570,0JQ5DAqbMKFHOzuVTgTizF,Dance/Electronic,37i9dQZF1DX2TRYkJECvfC,7vj41CP4k5JEn5zxLDGh8K
571,0JQ5DAqbMKFHOzuVTgTizF,Dance/Electronic,37i9dQZF1DX2TRYkJECvfC,715rpC66hIERTuMWlcBmBl
572,0JQ5DAqbMKFHOzuVTgTizF,Dance/Electronic,37i9dQZF1DX2TRYkJECvfC,1E66GmDYqz4CSEVDtFjcd3
573,0JQ5DAqbMKFHOzuVTgTizF,Dance/Electronic,37i9dQZF1DX2TRYkJECvfC,4U6DkNEUHQgfgu8jm162on
574,0JQ5DAqbMKFHOzuVTgTizF,Dance/Electronic,37i9dQZF1DX2TRYkJECvfC,0YTKtvWqIfXqFGVtHpcB4L
575,0JQ5DAqbMKFHOzuVTgTizF,Dance/Electronic,37i9dQZF1DX2TRYkJECvfC,01VCUpI3pgLJXDabXHUlyG
576,0JQ5DAqbMKFHOzuVTgTizF,Dance/Electronic,37i9dQZF1DX2TRYkJECvfC,30sWK9of3ll8689n12qV0b
577,0JQ5DAqbMKFHOzuVTgTizF,Dance/Electronic,37i9dQZF1DX2TRYkJECvfC,5yBxMXMHbNiQWFeSezo9aK
578,0JQ5DAqbMKFHOzuVTgTizF,Dance/Electronic,37i9dQZF1DX2TRYkJECvfC,3G6h7nE6eciZDrNVs6Mlov
579,0JQ5DAqbMKFHOzuVTgTizF,Dance/Electronic,37i9dQZF1DX2TRYkJECvfC,51m6hGfXZwpx9YBbcryUpD
580,0JQ5DAqbMKFHOzuVTgTizF,Dance/Electronic,37i9dQZF1DX2TRYkJECvfC,6Y2T0AmowuhVjMkopssmQY
581,0JQ5DAqbMKFHOzuVTgTizF,Dance/Electronic,37i9dQZF1DX2TRYkJECvfC,2yYTqo2wnc2PssYogT57MG
582,0JQ5DAqbMKFHOzuVTgTizF,Dance/Electronic,37i9dQZF1DX2TRYkJECvfC,3awOKjYfWhKg9MqHZoN831
583,0JQ5DAqbMKFHOzuVTgTizF,Dance/Electronic,37i9dQZF1DX2TRYkJECvfC,56Dv87Nbnwx9TLMxUkYbLG
584,0JQ5DAqbMKFHOzuVTgTizF,Dance/Electronic,37i9dQZF1DX2TRYkJECvfC,6rAxlRdBTz4NzSZH3OnxjH
585,0JQ5DAqbMKFHOzuVTgTizF,Dance/Electronic,37i9dQZF1DX2TRYkJECvfC,0OOL8Uj0FcXcsCt11vVVQ3
586,0JQ5DAqbMKFHOzuVTgTizF,Dance/Electronic,37i9dQZF1DX2TRYkJECvfC,1bih91Y06qt9xHgEDK9Euj
587,0JQ5DAqbMKFHOzuVTgTizF,Dance/Electronic,37i9dQZF1DX2TRYkJECvfC,5dW1pmxxlWlBcqUUGL6wE9
588,0JQ5DAqbMKFHOzuVTgTizF,Dance/Electronic,37i9dQZF1DX2TRYkJECvfC,6KqC7YNOcqYh5J5cNb1gbw
589,0JQ5DAqbMKFHOzuVTgTizF,Dance/Electronic,37i9dQZF1DX2TRYkJECvfC,2kR767iKcK2QDDSMUvvhk6
590,0JQ5DAqbMKFHOzuVTgTizF,Dance/Electronic,37i9dQZF1DX2TRYkJECvfC,18FRKIMe5W7f3ah7xsYmwH
591,0JQ5DAqbMKFHOzuVTgTizF,Dance/Electronic,37i9dQZF1DX2TRYkJECvfC,3qhJ26BGjhOLOFfdNtFOgd
592,0JQ5DAqbMKFHOzuVTgTizF,Dance/Electronic,37i9dQZF1DX2TRYkJECvfC,6qraMlY4ZvQCkWF1Q9Uk9A
593,0JQ5DAqbMKFHOzuVTgTizF,Dance/Electronic,37i9dQZF1DX2TRYkJECvfC,5pwScWoXXIPhAeY90OY8Sd
594,0JQ5DAqbMKFHOzuVTgTizF,Dance/Electronic,37i9dQZF1DX2TRYkJECvfC,4isQapTCsf1TvF9RkzfrCG
595,0JQ5DAqbMKFHOzuVTgTizF,Dance/Electronic,37i9dQZF1DX2TRYkJECvfC,2k4Fi92cj9ek4twS3uzckQ
596,0JQ5DAqbMKFHOzuVTgTizF,Dance/Electronic,37i9dQZF1DX2TRYkJECvfC,01J7GlzTYwAp0kHGwLrHiB
597,0JQ5DAqbMKFHOzuVTgTizF,Dance/Electronic,37i9dQZF1DX2TRYkJECvfC,5d9OZu7Px4mitpFamQiV7l
598,0JQ5DAqbMKFHOzuVTgTizF,Dance/Electronic,37i9dQZF1DX2TRYkJECvfC,7qF9ZcGHkP9IQINswrY0NF
599,0JQ5DAqbMKFHOzuVTgTizF,Dance/Electronic,37i9dQZF1DX2TRYkJECvfC,3oJ0ImxhIlU6lZ9JtCWYVd
600,0JQ5DAqbMKFHOzuVTgTizF,Dance/Electronic,37i9dQZF1DX2TRYkJECvfC,1eGrUX80yxeneDVZpVCYh1
601,0JQ5DAqbMKFHOzuVTgTizF,Dance/Electronic,37i9dQZF1DX2TRYkJECvfC,22GoAG7vI5pPJo5QN04Dmj
602,0JQ5DAqbMKFHOzuVTgTizF,Dance/Electronic,37i9dQZF1DX2TRYkJECvfC,2WlnczYDjRaMZNZCrCuxxo
603,0JQ5DAqbMKFHOzuVTgTizF,Dance/Electronic,37i9dQZF1DX2TRYkJECvfC,6gJBwzJjQ6VUgyueihcQP7
604,0JQ5DAqbMKFHOzuVTgTizF,Dance/Electronic,37i9dQZF1DX2TRYkJECvfC,6v6YqwH38kDXhTxPHGi1UN
605,0JQ5DAqbMKFHOzuVTgTizF,Dance/Electronic,37i9dQZF1DX2TRYkJECvfC,3pMT96h7pwJMsRGsXwpyVU
606,0JQ5DAqbMKFHOzuVTgTizF,Dance/Electronic,37i9dQZF1DX2TRYkJECvfC,5h9PBWm5EZmOORfkFGnMpv
607,0JQ5DAqbMKFHOzuVTgTizF,Dance/Electronic,37i9dQZF1DX2TRYkJECvfC,0xw0qj3GB1EmVPHNgNQuPk
608,0JQ5DAqbMKFHOzuVTgTizF,Dance/Electronic,37i9dQZF1DX2TRYkJECvfC,2m8dDOhC8fIaCFQ53c1l5z
609,0JQ5DAqbMKFHOzuVTgTizF,Dance/Electronic,37i9dQZF1DX2TRYkJECvfC,7dTkiXLxCLpAquNt3MulYB
610,0JQ5DAqbMKFHOzuVTgTizF,Dance/Electronic,37i9dQZF1DX2TRYkJECvfC,6I7nESv5d9zf9DcEA9I25u
611,0JQ5DAqbMKFHOzuVTgTizF,Dance/Electronic,37i9dQZF1DX2TRYkJECvfC,27cgqh0VRhVeM61ugTnorD
612,0JQ5DAqbMKFHOzuVTgTizF,Dance/Electronic,37i9dQZF1DX2TRYkJECvfC,4HWadIQagwXOjf14aUD6qg
613,0JQ5DAqbMKFHOzuVTgTizF,Dance/Electronic,37i9dQZF1DX2TRYkJECvfC,3cwl2Mnq8urylYJNCvLJdZ
614,0JQ5DAqbMKFHOzuVTgTizF,Dance/Electronic,37i9dQZF1DX2TRYkJECvfC,67f7gMWZ2PJI7IsUBs3mNQ
615,0JQ5DAqbMKFHOzuVTgTizF,Dance/Electronic,37i9dQZF1DX2TRYkJECvfC,1XtlpDLDLbuk9mFnUs614k
616,0JQ5DAqbMKFHOzuVTgTizF,Dance/Electronic,37i9dQZF1DX2TRYkJECvfC,05GiEzky4rkUc2aS95qaUr
617,0JQ5DAqbMKFHOzuVTgTizF,Dance/Electronic,37i9dQZF1DX2TRYkJECvfC,5wILnj9sHZqmi0IKNQrgil
618,0JQ5DAqbMKFHOzuVTgTizF,Dance/Electronic,37i9dQZF1DX2TRYkJECvfC,6mGA7mSuXx8o1ytfnImc7s
619,0JQ5DAqbMKFHOzuVTgTizF,Dance/Electronic,37i9dQZF1DX2TRYkJECvfC,6QoVPPIRdkiNCVcCUJOzbI
620,0JQ5DAqbMKFHOzuVTgTizF,Dance/Electronic,37i9dQZF1DX2TRYkJECvfC,4WyhOKXtCkNVcgfTBpYaxm
621,0JQ5DAqbMKFHOzuVTgTizF,Dance/Electronic,37i9dQZF1DX2TRYkJECvfC,54wXdsqswPdmoMpxlDhRsm
622,0JQ5DAqbMKFHOzuVTgTizF,Dance/Electronic,37i9dQZF1DX2TRYkJECvfC,01pdcdTTNU68wz3nelUulJ
623,0JQ5DAqbMKFHOzuVTgTizF,Dance/Electronic,37i9dQZF1DX2TRYkJECvfC,7fKAiHWnUcGeZ4BFFItpQy
624,0JQ5DAqbMKFHOzuVTgTizF,Dance/Electronic,37i9dQZF1DX2TRYkJECvfC,4Pd7JgZI8zvewbeZLsIDxe
625,0JQ5DAqbMKFHOzuVTgTizF,Dance/Electronic,37i9dQZF1DX2TRYkJECvfC,5NfgFRdfNQ4HFVPGRoVMU6
626,0JQ5DAqbMKFHOzuVTgTizF,Dance/Electronic,37i9dQZF1DX2TRYkJECvfC,0T9qmOvid82TeLi4ZyyA9D
627,0JQ5DAqbMKFHOzuVTgTizF,Dance/Electronic,37i9dQZF1DX2TRYkJECvfC,6ymVxYG0UHqIjXmclbE1cu
628,0JQ5DAqbMKFHOzuVTgTizF,Dance/Electronic,37i9dQZF1DX2TRYkJECvfC,6wSH047nyWHvlasvivVeMK
629,0JQ5DAqbMKFHOzuVTgTizF,Dance/Electronic,37i9dQZF1DX2TRYkJECvfC,0Kavkt38dZ0P4G2zSYHb6E
630,0JQ5DAqbMKFHOzuVTgTizF,Dance/Electronic,37i9dQZF1DX2TRYkJECvfC,2kts9CqkgeHyJLIN22WAwb
631,0JQ5DAqbMKFHOzuVTgTizF,Dance/Electronic,37i9dQZF1DX2TRYkJECvfC,34KMYJ2e5ouT1qfOEJgfIe
632,0JQ5DAqbMKFHOzuVTgTizF,Dance/Electronic,37i9dQZF1DX2TRYkJECvfC,22UDmbP8eiz97tNyACphRl
633,0JQ5DAqbMKFHOzuVTgTizF,Dance/Electronic,37i9dQZF1DX2TRYkJECvfC,2L9M3x9RTHoJ313ajYr0dg
634,0JQ5DAqbMKFHOzuVTgTizF,Dance/Electronic,37i9dQZF1DX2TRYkJECvfC,5pRH7tcR0X86sU1wAsY5fA
635,0JQ5DAqbMKFHOzuVTgTizF,Dance/Electronic,37i9dQZF1DX2TRYkJECvfC,7tdviypkABEstu9z7gSB27
636,0JQ5DAqbMKFHOzuVTgTizF,Dance/Electronic,37i9dQZF1DX2TRYkJECvfC,3jCTivI1jcDKREf1KKbhM6
637,0JQ5DAqbMKFHOzuVTgTizF,Dance/Electronic,37i9dQZF1DX2TRYkJECvfC,4HKlwvhCbzpbQxs5SVKSKh
638,0JQ5DAqbMKFHOzuVTgTizF,Dance/Electronic,37i9dQZF1DX2TRYkJECvfC,0Jb3Kq7oDqRznHPIcrQpiX
639,0JQ5DAqbMKFHOzuVTgTizF,Dance/Electronic,37i9dQZF1DX2TRYkJECvfC,0owkRiLsjtXe3JKYxt9tf5
640,0JQ5DAqbMKFHOzuVTgTizF,Dance/Electronic,37i9dQZF1DX2TRYkJECvfC,6i6Jj8hSVfpvqiXnVSvsTe
641,0JQ5DAqbMKFHOzuVTgTizF,Dance/Electronic,37i9dQZF1DX2TRYkJECvfC,2pmbbUP1lTKZ7voVz0zwmP
642,0JQ5DAqbMKFHOzuVTgTizF,Dance/Electronic,37i9dQZF1DX2TRYkJECvfC,5dHMA3NFsOyFKGJ7ML8hO1
643,0JQ5DAqbMKFHOzuVTgTizF,Dance/Electronic,37i9dQZF1DX2TRYkJECvfC,0JDSAbpZjlSMP2fpFjtiuN
644,0JQ5DAqbMKFHOzuVTgTizF,Dance/Electronic,37i9dQZF1DX2TRYkJECvfC,2u9o4jlbtzqdy2bsBX9FYK
645,0JQ5DAqbMKFHOzuVTgTizF,Dance/Electronic,37i9dQZF1DX2TRYkJECvfC,6YFRyll4isFUJrbHSeM1oJ
646,0JQ5DAqbMKFHOzuVTgTizF,Dance/Electronic,37i9dQZF1DX2TRYkJECvfC,3HnJq0iCE0bVO1yYFxNX1C
647,0JQ5DAqbMKFHOzuVTgTizF,Dance/Electronic,37i9dQZF1DX2TRYkJECvfC,1rzH1WxcHyLEyBuErJQVO0
648,0JQ5DAqbMKFHOzuVTgTizF,Dance/Electronic,37i9dQZF1DX2TRYkJECvfC,1ek1kNO1a5EJCNIUvNs5XI
649,0JQ5DAqbMKFHOzuVTgTizF,Dance/Electronic,37i9dQZF1DX2TRYkJECvfC,5YQQ9zU5mxgQcKDC3YSHnd
650,0JQ5DAqbMKFHOzuVTgTizF,Dance/Electronic,37i9dQZF1DX2TRYkJECvfC,1bNo2ybJL8rmZzOdd6T3sG
651,0JQ5DAqbMKFHOzuVTgTizF,Dance/Electronic,37i9dQZF1DX2TRYkJECvfC,3cUUVRG0w6BmUgd4Jvq7MZ
652,0JQ5DAqbMKFHOzuVTgTizF,Dance/Electronic,37i9dQZF1DX2TRYkJECvfC,3SYO8wU4bEgIYt7AeGRIwG
653,0JQ5DAqbMKFHOzuVTgTizF,Dance/Electronic,37i9dQZF1DX2TRYkJECvfC,0mqObq0LCWmM0P0zLQd1eh
654,0JQ5DAqbMKFHOzuVTgTizF,Dance/Electronic,37i9dQZF1DX2TRYkJECvfC,3jOZEvgu6UoEp77kzJjfHS
655,0JQ5DAqbMKFHOzuVTgTizF,Dance/Electronic,37i9dQZF1DX2TRYkJECvfC,2UmiXqJJ3qQooP5pUuiI0W
656,0JQ5DAqbMKFHOzuVTgTizF,Dance/Electronic,37i9dQZF1DX2TRYkJECvfC,6NWAAl3Awelh8I7cs4ud2w
657,0JQ5DAqbMKFHOzuVTgTizF,Dance/Electronic,37i9dQZF1DX2TRYkJECvfC,5tSEY4tjB8P44FkYDFuB48
658,0JQ5DAqbMKFHOzuVTgTizF,Dance/Electronic,37i9dQZF1DX2TRYkJECvfC,3jlFMDKI3hjKvqzXry1Yq1
659,0JQ5DAqbMKFHOzuVTgTizF,Dance/Electronic,37i9dQZF1DX2TRYkJECvfC,1BbXlbs8pWeYI2yGpGhuzA
660,0JQ5DAqbMKFHOzuVTgTizF,Dance/Electronic,37i9dQZF1DX2TRYkJECvfC,6YzXlsjXVZTwUoKSwHZsuF
661,0JQ5DAqbMKFHOzuVTgTizF,Dance/Electronic,37i9dQZF1DX2TRYkJECvfC,6mIce4eaRg6UOFHABNX2xL
662,0JQ5DAqbMKFHOzuVTgTizF,Dance/Electronic,37i9dQZF1DX2TRYkJECvfC,6kvinwAz4dSKmLYMt5dP6O
663,0JQ5DAqbMKFHOzuVTgTizF,Dance/Electronic,37i9dQZF1DX2TRYkJECvfC,4sYlMnN8YyYZUkmwGsAxoZ
664,0JQ5DAqbMKFHOzuVTgTizF,Dance/Electronic,37i9dQZF1DX2TRYkJECvfC,6BRr6a4zwmI7H3c7IBSsK5
665,0JQ5DAqbMKFHOzuVTgTizF,Dance/Electronic,37i9dQZF1DX2TRYkJECvfC,3pNnSLPQUHxUrLMoiMNN6d
666,0JQ5DAqbMKFHOzuVTgTizF,Dance/Electronic,37i9dQZF1DX2TRYkJECvfC,05rQuHa8lWk9PTpQUqcO31
667,0JQ5DAqbMKFHOzuVTgTizF,Dance/Electronic,37i9dQZF1DX2TRYkJECvfC,6KYAD5ruYEBECCZ7cmrZgl
668,0JQ5DAqbMKFHOzuVTgTizF,Dance/Electronic,37i9dQZF1DX2TRYkJECvfC,2zdqREDAOMvugQI0UObaAK
669,0JQ5DAqbMKFHOzuVTgTizF,Dance/Electronic,37i9dQZF1DX2TRYkJECvfC,5eGHURckWZgrlb88GTkoPD
670,0JQ5DAqbMKFHOzuVTgTizF,Dance/Electronic,37i9dQZF1DX2TRYkJECvfC,0y50PSpOcYLOYrc0Xgw67R
671,0JQ5DAqbMKFHOzuVTgTizF,Dance/Electronic,37i9dQZF1DX2TRYkJECvfC,4xpTM1MCKhY91OGiOhHNf5
672,0JQ5DAqbMKFHOzuVTgTizF,Dance/Electronic,37i9dQZF1DX2TRYkJECvfC,5v09mpnFDvxtjgtKHDD5v0
673,0JQ5DAqbMKFHOzuVTgTizF,Dance/Electronic,37i9dQZF1DX2TRYkJECvfC,4jasV5CeMTmORbhAyQgTL3
674,0JQ5DAqbMKFHOzuVTgTizF,Dance/Electronic,37i9dQZF1DX2TRYkJECvfC,4wYiqFMQiGnUseioUWrdWU
675,0JQ5DAqbMKFHOzuVTgTizF,Dance/Electronic,37i9dQZF1DX2TRYkJECvfC,6tzJUHESntwmwNBJF4R5jD
676,0JQ5DAqbMKFHOzuVTgTizF,Dance/Electronic,37i9dQZF1DX2TRYkJECvfC,1rIxb5rv6BUWXT6xmLt91x
677,0JQ5DAqbMKFHOzuVTgTizF,Dance/Electronic,37i9dQZF1DX2TRYkJECvfC,1BpG59DLyW6jZxN2PYiUA3
678,0JQ5DAqbMKFHOzuVTgTizF,Dance/Electronic,37i9dQZF1DX2TRYkJECvfC,6H1qRu7bx0H8MwUHHQQ5P4
679,0JQ5DAqbMKFHOzuVTgTizF,Dance/Electronic,37i9dQZF1DX2TRYkJECvfC,4hq1oUeJruAfgsEmfdtgLR
680,0JQ5DAqbMKFHOzuVTgTizF,Dance/Electronic,37i9dQZF1DX2TRYkJECvfC,3gXM39jnW18uL5Zyg47wXN
681,0JQ5DAqbMKFHOzuVTgTizF,Dance/Electronic,37i9dQZF1DX2TRYkJECvfC,2uK3ghC7nVXanDzeTL22Zw
682,0JQ5DAqbMKFHOzuVTgTizF,Dance/Electronic,37i9dQZF1DX2TRYkJECvfC,6O6ifYgHe37Tjmamh74vy9
683,0JQ5DAqbMKFHOzuVTgTizF,Dance/Electronic,37i9dQZF1DX2TRYkJECvfC,1GuU6PQkEwhS6slsbuIKGz
684,0JQ5DAqbMKFHOzuVTgTizF,Dance/Electronic,37i9dQZF1DX2TRYkJECvfC,0g8ndiFkgEg0qHC50VS4Zg
685,0JQ5DAqbMKFHOzuVTgTizF,Dance/Electronic,37i9dQZF1DX2TRYkJECvfC,75r1wc5lI6XCxGVBRSJ5lY
686,0JQ5DAqbMKFHOzuVTgTizF,Dance/Electronic,37i9dQZF1DX2TRYkJECvfC,18nGprzEucUO4FF768lLhe
687,0JQ5DAqbMKFHOzuVTgTizF,Dance/Electronic,37i9dQZF1DX2TRYkJECvfC,0VRRRETDAp4aubJJAlhXjH
688,0JQ5DAqbMKFHOzuVTgTizF,Dance/Electronic,37i9dQZF1DX2TRYkJECvfC,2C8c1RN9BDuwR7DiIXqYNY
689,0JQ5DAqbMKFHOzuVTgTizF,Dance/Electronic,37i9dQZF1DX2TRYkJECvfC,6dOLWS1ee89ZezU4aRnpaX
690,0JQ5DAqbMKFHOzuVTgTizF,Dance/Electronic,37i9dQZF1DX2TRYkJECvfC,5jAAoKfKfENn8EfjqfItKX
691,0JQ5DAqbMKFHOzuVTgTizF,Dance/Electronic,37i9dQZF1DX2TRYkJECvfC,1TS3hIyeGdWqeBQyj5HgoT
692,0JQ5DAqbMKFHOzuVTgTizF,Dance/Electronic,37i9dQZF1DX2TRYkJECvfC,0HWtI9cjfnVzU0q3hHc0ph
693,0JQ5DAqbMKFHOzuVTgTizF,Dance/Electronic,37i9dQZF1DX2TRYkJECvfC,24gEf9r2dDBoWNZwN4lOss
694,0JQ5DAqbMKFHOzuVTgTizF,Dance/Electronic,37i9dQZF1DX2TRYkJECvfC,10LSigkAHxT3yBe1rQJpBv
695,0JQ5DAqbMKFHOzuVTgTizF,Dance/Electronic,37i9dQZF1DX2TRYkJECvfC,1WVVHCbf9vWmb0dLI5ZGhB
696,0JQ5DAqbMKFHOzuVTgTizF,Dance/Electronic,37i9dQZF1DX2TRYkJECvfC,2b4xMVXYYIIbWjDLSy1Wcv
697,0JQ5DAqbMKFHOzuVTgTizF,Dance/Electronic,37i9dQZF1DX2TRYkJECvfC,5Zm8huZ4tzDm7eLKFScrE8
698,0JQ5DAqbMKFHOzuVTgTizF,Dance/Electronic,37i9dQZF1DX2TRYkJECvfC,3wbUuzRdemeNJuqnMNBC9m
699,0JQ5DAqbMKFHOzuVTgTizF,Dance/Electronic,37i9dQZF1DX2TRYkJECvfC,69ZWVeHTMA8zwjOiCfpvOi
700,0JQ5DAqbMKFHOzuVTgTizF,Dance/Electronic,37i9dQZF1DX2TRYkJECvfC,6a6D34Zl60ClugkltmryYp
701,0JQ5DAqbMKFHOzuVTgTizF,Dance/Electronic,37i9dQZF1DX2TRYkJECvfC,4KyEeZwIuoFH0n68qvl35b
702,0JQ5DAqbMKFHOzuVTgTizF,Dance/Electronic,37i9dQZF1DX2TRYkJECvfC,1o5ZPbk5NxzAODTs698XTz
703,0JQ5DAqbMKFHOzuVTgTizF,Dance/Electronic,37i9dQZF1DX2TRYkJECvfC,3XJRsEt8YMsLPXZNsLBVtU
704,0JQ5DAqbMKFHOzuVTgTizF,Dance/Electronic,37i9dQZF1DX2TRYkJECvfC,5EM9H0b9vbwPAkl7CWlEmS
705,0JQ5DAqbMKFHOzuVTgTizF,Dance/Electronic,37i9dQZF1DX2TRYkJECvfC,5idD707HmiYqTU8TifpPc8
706,0JQ5DAqbMKFHOzuVTgTizF,Dance/Electronic,37i9dQZF1DX2TRYkJECvfC,0AYA7mZrC4SvoB8Bq5E7yA
707,0JQ5DAqbMKFHOzuVTgTizF,Dance/Electronic,37i9dQZF1DX2TRYkJECvfC,1Gu8YosrIxq31SoQA1Nwfh
708,0JQ5DAqbMKFHOzuVTgTizF,Dance/Electronic,37i9dQZF1DX2TRYkJECvfC,6XuKWXObGRTtoe2NoO3xZA
709,0JQ5DAqbMKFHOzuVTgTizF,Dance/Electronic,37i9dQZF1DX2TRYkJECvfC,0vypXe8paGmxoY0fxkLh0X
710,0JQ5DAqbMKFHOzuVTgTizF,Dance/Electronic,37i9dQZF1DX2TRYkJECvfC,3EMGPuLLcXxJkT8wipZjy9
711,0JQ5DAqbMKFHOzuVTgTizF,Dance/Electronic,37i9dQZF1DX2TRYkJECvfC,5XYSBPFLufUCyMo3hXD9uP
712,0JQ5DAqbMKFHOzuVTgTizF,Dance/Electronic,37i9dQZF1DX2TRYkJECvfC,6sbTqflJcUFfyAbiWC8def
713,0JQ5DAqbMKFHOzuVTgTizF,Dance/Electronic,37i9dQZF1DX2TRYkJECvfC,5k1S9YYZUlxD8R57KFjh8p
714,0JQ5DAqbMKFHOzuVTgTizF,Dance/Electronic,37i9dQZF1DX2TRYkJECvfC,2CGaIWj2aaWdyCEVL7hVoa
715,0JQ5DAqbMKFHOzuVTgTizF,Dance/Electronic,37i9dQZF1DX2TRYkJECvfC,17GYXmglkF2qLMrOhR915Z
716,0JQ5DAqbMKFHOzuVTgTizF,Dance/Electronic,37i9dQZF1DX2TRYkJECvfC,3PiC11NGRcRxoXl87vnMws
717,0JQ5DAqbMKFHOzuVTgTizF,Dance/Electronic,37i9dQZF1DX2TRYkJECvfC,4zEbnQ59YXDeCC8Cc81pjc
718,0JQ5DAqbMKFHOzuVTgTizF,Dance/Electronic,37i9dQZF1DX2TRYkJECvfC,5DKBr9vESCkzrYczL36MnL
719,0JQ5DAqbMKFHOzuVTgTizF,Dance/Electronic,37i9dQZF1DX2TRYkJECvfC,1W3qMFgSzMHyqkefFr9MuM
720,0JQ5DAqbMKFHOzuVTgTizF,Dance/Electronic,37i9dQZF1DX2TRYkJECvfC,0Keuz1iGQsOdIxqsdbKanO
721,0JQ5DAqbMKFHOzuVTgTizF,Dance/Electronic,37i9dQZF1DX2TRYkJECvfC,6BTrnCVnRpQCRWwXb0bIyc
722,0JQ5DAqbMKFHOzuVTgTizF,Dance/Electronic,37i9dQZF1DX2TRYkJECvfC,7I1e5uMItJ9kiTWFyUayVs
723,0JQ5DAqbMKFHOzuVTgTizF,Dance/Electronic,37i9dQZF1DX2TRYkJECvfC,75ZMW4hqyXQ2TgF6pL1Giz
724,0JQ5DAqbMKFHOzuVTgTizF,Dance/Electronic,37i9dQZF1DX2TRYkJECvfC,4HXpEQIUgWsrbe3Nj0yC3P
725,0JQ5DAqbMKFHOzuVTgTizF,Dance/Electronic,37i9dQZF1DX2TRYkJECvfC,5xUomxrzkIr0MAP9YQur24
726,0JQ5DAqbMKFHOzuVTgTizF,Dance/Electronic,37i9dQZF1DX2TRYkJECvfC,6G9tVTEeSxmJZ80us9Lx3f
727,0JQ5DAqbMKFHOzuVTgTizF,Dance/Electronic,37i9dQZF1DX2TRYkJECvfC,6RkBU15iuIWpNA67pL4ZE7
728,0JQ5DAqbMKFHOzuVTgTizF,Dance/Electronic,37i9dQZF1DX2TRYkJECvfC,0IEuz3GjLdjk8WQfPw8Q3m
729,0JQ5DAqbMKFHOzuVTgTizF,Dance/Electronic,37i9dQZF1DX2TRYkJECvfC,3VedZEruDuibIF8oQONu5k
730,0JQ5DAqbMKFHOzuVTgTizF,Dance/Electronic,37i9dQZF1DX2TRYkJECvfC,1xltPGjeNgtjO8zLHZ6mCf
731,0JQ5DAqbMKFHOzuVTgTizF,Dance/Electronic,37i9dQZF1DX2TRYkJECvfC,6SJZfclzkdmDt8ctjDDLbk
732,0JQ5DAqbMKFHOzuVTgTizF,Dance/Electronic,37i9dQZF1DX2TRYkJECvfC,7AiO8sAwdRa3Q4LdfVJ1TB
733,0JQ5DAqbMKFHOzuVTgTizF,Dance/Electronic,37i9dQZF1DX2TRYkJECvfC,2kvJDwV4Mfm2ItUUMmkzSx
734,0JQ5DAqbMKFHOzuVTgTizF,Dance/Electronic,37i9dQZF1DX2TRYkJECvfC,0Z3a7SIDVOUvZFgr73qq0V
735,0JQ5DAqbMKFHOzuVTgTizF,Dance/Electronic,37i9dQZF1DX2TRYkJECvfC,3mwjb8Ft1DJMOhqfW75Wac
736,0JQ5DAqbMKFHOzuVTgTizF,Dance/Electronic,37i9dQZF1DX2TRYkJECvfC,6oTrSmQUsvndDDQSMjqcyM
737,0JQ5DAqbMKFHOzuVTgTizF,Dance/Electronic,37i9dQZF1DX2TRYkJECvfC,74Jw6mRLWJZFj05fTrx4p9
738,0JQ5DAqbMKFHOzuVTgTizF,Dance/Electronic,37i9dQZF1DX2TRYkJECvfC,6skTPlJtkpqN7mM95QfsUD
739,0JQ5DAqbMKFHOzuVTgTizF,Dance/Electronic,37i9dQZF1DX2TRYkJECvfC,5td5z2iVZ8n9cF95pxXTVW
740,0JQ5DAqbMKFHOzuVTgTizF,Dance/Electronic,37i9dQZF1DX2TRYkJECvfC,0OHMCa0Rkui2VLkQxgVpVs
741,0JQ5DAqbMKFHOzuVTgTizF,Dance/Electronic,37i9dQZF1DX2TRYkJECvfC,4kVs5d1P8daSnqzPEWoPZC
742,0JQ5DAqbMKFHOzuVTgTizF,Dance/Electronic,37i9dQZF1DX2TRYkJECvfC,569WHNKLrlhueTZsAiegDm
743,0JQ5DAqbMKFHOzuVTgTizF,Dance/Electronic,37i9dQZF1DX2TRYkJECvfC,6qoGexJZGrmeeNxFpk9RJ6
744,0JQ5DAqbMKFHOzuVTgTizF,Dance/Electronic,37i9dQZF1DX2TRYkJECvfC,4xwUt1Ukkfc0b3DwsB3f2b
745,0JQ5DAqbMKFHOzuVTgTizF,Dance/Electronic,37i9dQZF1DX2TRYkJECvfC,2y7ub6xp3e69lpr1eZHzEv
746,0JQ5DAqbMKFHOzuVTgTizF,Dance/Electronic,37i9dQZF1DX2TRYkJECvfC,5F8ZtPUBSVjNygbxNfp4vR
747,0JQ5DAqbMKFHOzuVTgTizF,Dance/Electronic,37i9dQZF1DX2TRYkJECvfC,2hWkEkHNeR1xCTbNKYWX6D
748,0JQ5DAqbMKFHOzuVTgTizF,Dance/Electronic,37i9dQZF1DX2TRYkJECvfC,4509YwOHu4aDFR8gagFuw1
749,0JQ5DAqbMKFHOzuVTgTizF,Dance/Electronic,37i9dQZF1DX2TRYkJECvfC,1hdg5jyymn9UVOoqi9FY9o
750,0JQ5DAqbMKFHOzuVTgTizF,Dance/Electronic,37i9dQZF1DX2TRYkJECvfC,4yQRctOSENVDuXtLLndkbH
751,0JQ5DAqbMKFHOzuVTgTizF,Dance/Electronic,37i9dQZF1DX2TRYkJECvfC,1hgWPFzfyUuKPSieELghgg
752,0JQ5DAqbMKFHOzuVTgTizF,Dance/Electronic,37i9dQZF1DX2TRYkJECvfC,1yD1YZMizn5MnINHhN4Hwr
753,0JQ5DAqbMKFHOzuVTgTizF,Dance/Electronic,37i9dQZF1DX2TRYkJECvfC,0riJCeCbLqBwoVSnG3FMXM
754,0JQ5DAqbMKFHOzuVTgTizF,Dance/Electronic,37i9dQZF1DX2TRYkJECvfC,2vHPrrFhhiSH5GZZcGRSFm
755,0JQ5DAqbMKFHOzuVTgTizF,Dance/Electronic,37i9dQZF1DX2TRYkJECvfC,3zQwLgmWd0CDRIKZXq9WsW
756,0JQ5DAqbMKFHOzuVTgTizF,Dance/Electronic,37i9dQZF1DX2TRYkJECvfC,1mqPLbDc8DCRlTuyF26ste
757,0JQ5DAqbMKFHOzuVTgTizF,Dance/Electronic,37i9dQZF1DX2TRYkJECvfC,1RuMPMUxwdAZ0tMcaUwQiw
758,0JQ5DAqbMKFHOzuVTgTizF,Dance/Electronic,37i9dQZF1DX2TRYkJECvfC,6MLh79MhMrzh25OoF4o4hA
759,0JQ5DAqbMKFHOzuVTgTizF,Dance/Electronic,37i9dQZF1DX2TRYkJECvfC,6joasewIA9IiFRfPJPKu0A
760,0JQ5DAqbMKFHOzuVTgTizF,Dance/Electronic,37i9dQZF1DX2TRYkJECvfC,4cWrrjsKvHnKV8uqlUF8kb
761,0JQ5DAqbMKFHOzuVTgTizF,Dance/Electronic,37i9dQZF1DX2TRYkJECvfC,2CrlhJAUBfMc53CYt0v8ev
762,0JQ5DAqbMKFHOzuVTgTizF,Dance/Electronic,37i9dQZF1DX2TRYkJECvfC,03q9AtM0x9F3a6IegdR4C8
763,0JQ5DAqbMKFHOzuVTgTizF,Dance/Electronic,37i9dQZF1DX2TRYkJECvfC,5flc3EC89NJgZa1EuxaEr7
764,0JQ5DAqbMKFHOzuVTgTizF,Dance/Electronic,37i9dQZF1DX2TRYkJECvfC,2cR1w1HbWarKVJWZCQgnga
765,0JQ5DAqbMKFHOzuVTgTizF,Dance/Electronic,37i9dQZF1DX2TRYkJECvfC,5QeJCkBNHe6a8T5uusmqIv
766,0JQ5DAqbMKFHOzuVTgTizF,Dance/Electronic,37i9dQZF1DX2TRYkJECvfC,2yMFXtHHJTMTv2ynWl6avF
767,0JQ5DAqbMKFHOzuVTgTizF,Dance/Electronic,37i9dQZF1DX2TRYkJECvfC,0LlGYQSAJZI5QrR5hblT6s
768,0JQ5DAqbMKFHOzuVTgTizF,Dance/Electronic,37i9dQZF1DX2TRYkJECvfC,1xtAsTz9HdPJX20KUlQ3sB
769,0JQ5DAqbMKFHOzuVTgTizF,Dance/Electronic,37i9dQZF1DX2TRYkJECvfC,6cOie6oyMHzoVHLmpLfHN4
770,0JQ5DAqbMKFHOzuVTgTizF,Dance/Electronic,37i9dQZF1DX2TRYkJECvfC,7vj41CP4k5JEn5zxLDGh8K
771,0JQ5DAqbMKFHOzuVTgTizF,Dance/Electronic,37i9dQZF1DX2TRYkJECvfC,715rpC66hIERTuMWlcBmBl
772,0JQ5DAqbMKFHOzuVTgTizF,Dance/Electronic,37i9dQZF1DX2TRYkJECvfC,1E66GmDYqz4CSEVDtFjcd3
773,0JQ5DAqbMKFHOzuVTgTizF,Dance/Electronic,37i9dQZF1DX2TRYkJECvfC,4U6DkNEUHQgfgu8jm162on
774,0JQ5DAqbMKFHOzuVTgTizF,Dance/Electronic,37i9dQZF1DX2TRYkJECvfC,0YTKtvWqIfXqFGVtHpcB4L
775,0JQ5DAqbMKFHOzuVTgTizF,Dance/Electronic,37i9dQZF1DX2TRYkJECvfC,01VCUpI3pgLJXDabXHUlyG
776,0JQ5DAqbMKFHOzuVTgTizF,Dance/Electronic,37i9dQZF1DX2TRYkJECvfC,30sWK9of3ll8689n12qV0b
777,0JQ5DAqbMKFHOzuVTgTizF,Dance/Electronic,37i9dQZF1DX2TRYkJECvfC,5yBxMXMHbNiQWFeSezo9aK
778,0JQ5DAqbMKFHOzuVTgTizF,Dance/Electronic,37i9dQZF1DX2TRYkJECvfC,3G6h7nE6eciZDrNVs6Mlov
779,0JQ5DAqbMKFHOzuVTgTizF,Dance/Electronic,37i9dQZF1DX2TRYkJECvfC,51m6hGfXZwpx9YBbcryUpD
780,0JQ5DAqbMKFHOzuVTgTizF,Dance/Electronic,37i9dQZF1DX2TRYkJECvfC,6Y2T0AmowuhVjMkopssmQY
781,0JQ5DAqbMKFHOzuVTgTizF,Dance/Electronic,37i9dQZF1DX2TRYkJECvfC,2yYTqo2wnc2PssYogT57MG
782,0JQ5DAqbMKFHOzuVTgTizF,Dance/Electronic,37i9dQZF1DX2TRYkJECvfC,3awOKjYfWhKg9MqHZoN831
783,0JQ5DAqbMKFHOzuVTgTizF,Dance/Electronic,37i9dQZF1DX2TRYkJECvfC,56Dv87Nbnwx9TLMxUkYbLG
784,0JQ5DAqbMKFHOzuVTgTizF,Dance/Electronic,37i9dQZF1DX2TRYkJECvfC,6rAxlRdBTz4NzSZH3OnxjH
785,0JQ5DAqbMKFHOzuVTgTizF,Dance/Electronic,37i9dQZF1DX2TRYkJECvfC,0OOL8Uj0FcXcsCt11vVVQ3
786,0JQ5DAqbMKFHOzuVTgTizF,Dance/Electronic,37i9dQZF1DX2TRYkJECvfC,1bih91Y06qt9xHgEDK9Euj
787,0JQ5DAqbMKFHOzuVTgTizF,Dance/Electronic,37i9dQZF1DX2TRYkJECvfC,5dW1pmxxlWlBcqUUGL6wE9
788,0JQ5DAqbMKFHOzuVTgTizF,Dance/Electronic,37i9dQZF1DX2TRYkJECvfC,6KqC7YNOcqYh5J5cNb1gbw
789,0JQ5DAqbMKFHOzuVTgTizF,Dance/Electronic,37i9dQZF1DX2TRYkJECvfC,2kR767iKcK2QDDSMUvvhk6
790,0JQ5DAqbMKFHOzuVTgTizF,Dance/Electronic,37i9dQZF1DX2TRYkJECvfC,18FRKIMe5W7f3ah7xsYmwH
791,0JQ5DAqbMKFHOzuVTgTizF,Dance/Electronic,37i9dQZF1DX2TRYkJECvfC,3qhJ26BGjhOLOFfdNtFOgd
792,0JQ5DAqbMKFHOzuVTgTizF,Dance/Electronic,37i9dQZF1DX2TRYkJECvfC,6qraMlY4ZvQCkWF1Q9Uk9A
793,0JQ5DAqbMKFHOzuVTgTizF,Dance/Electronic,37i9dQZF1DX2TRYkJECvfC,5pwScWoXXIPhAeY90OY8Sd
794,0JQ5DAqbMKFHOzuVTgTizF,Dance/Electronic,37i9dQZF1DX2TRYkJECvfC,4isQapTCsf1TvF9RkzfrCG
795,0JQ5DAqbMKFHOzuVTgTizF,Dance/Electronic,37i9dQZF1DX2TRYkJECvfC,2k4Fi92cj9ek4twS3uzckQ
796,0JQ5DAqbMKFHOzuVTgTizF,Dance/Electronic,37i9dQZF1DX2TRYkJECvfC,01J7GlzTYwAp0kHGwLrHiB
797,0JQ5DAqbMKFHOzuVTgTizF,Dance/Electronic,37i9dQZF1DX2TRYkJECvfC,5d9OZu7Px4mitpFamQiV7l
798,0JQ5DAqbMKFHOzuVTgTizF,Dance/Electronic,37i9dQZF1DX2TRYkJECvfC,7qF9ZcGHkP9IQINswrY0NF
799,0JQ5DAqbMKFHOzuVTgTizF,Dance/Electronic,37i9dQZF1DX2TRYkJECvfC,3oJ0ImxhIlU6lZ9JtCWYVd
800,0JQ5DAqbMKFHOzuVTgTizF,Dance/Electronic,37i9dQZF1DX2TRYkJECvfC,1eGrUX80yxeneDVZpVCYh1
801,0JQ5DAqbMKFHOzuVTgTizF,Dance/Electronic,37i9dQZF1DX2TRYkJECvfC,22GoAG7vI5pPJo5QN04Dmj
802,0JQ5DAqbMKFHOzuVTgTizF,Dance/Electronic,37i9dQZF1DX2TRYkJECvfC,2WlnczYDjRaMZNZCrCuxxo
803,0JQ5DAqbMKFHOzuVTgTizF,Dance/Electronic,37i9dQZF1DX2TRYkJECvfC,6gJBwzJjQ6VUgyueihcQP7
804,0JQ5DAqbMKFHOzuVTgTizF,Dance/Electronic,37i9dQZF1DX2TRYkJECvfC,6v6YqwH38kDXhTxPHGi1UN
805,0JQ5DAqbMKFHOzuVTgTizF,Dance/Electronic,37i9dQZF1DX2TRYkJECvfC,3pMT96h7pwJMsRGsXwpyVU
806,0JQ5DAqbMKFHOzuVTgTizF,Dance/Electronic,37i9dQZF1DX2TRYkJECvfC,5h9PBWm5EZmOORfkFGnMpv
807,0JQ5DAqbMKFHOzuVTgTizF,Dance/Electronic,37i9dQZF1DX2TRYkJECvfC,0xw0qj3GB1EmVPHNgNQuPk
808,0JQ5DAqbMKFHOzuVTgTizF,Dance/Electronic,37i9dQZF1DX2Z30XHoglcl,0MCAExnM6vujhDTnhVTbY2
809,0JQ5DAqbMKFHOzuVTgTizF,Dance/Electronic,37i9dQZF1DX2Z30XHoglcl,4u7T1AzhtXXA35RG6OtftV
810,0JQ5DAqbMKFHOzuVTgTizF,Dance/Electronic,37i9dQZF1DX2Z30XHoglcl,3AkAtnwBQLtVWnIknB1q1L
811,0JQ5DAqbMKFHOzuVTgTizF,Dance/Electronic,37i9dQZF1DX2Z30XHoglcl,25nFmQOVuiRXW1U8JFlWIq
812,0JQ5DAqbMKFHOzuVTgTizF,Dance/Electronic,37i9dQZF1DX2Z30XHoglcl,4GIqYjYvmTDCTXD9cS9g9L
813,0JQ5DAqbMKFHOzuVTgTizF,Dance/Electronic,37i9dQZF1DX2Z30XHoglcl,0ssLzzr70end7OrDaG7OfW
814,0JQ5DAqbMKFHOzuVTgTizF,Dance/Electronic,37i9dQZF1DX2Z30XHoglcl,76NJGaCcLHVdvmV67ewC03
815,0JQ5DAqbMKFHOzuVTgTizF,Dance/Electronic,37i9dQZF1DX2Z30XHoglcl,28nbOWxKUQBh2P0RE5xLff
816,0JQ5DAqbMKFHOzuVTgTizF,Dance/Electronic,37i9dQZF1DX2Z30XHoglcl,2VpeEJCZg50mu8WOyPiELV
817,0JQ5DAqbMKFHOzuVTgTizF,Dance/Electronic,37i9dQZF1DX2Z30XHoglcl,5bNK1ScLN9KxPvr0pWWA0Y
818,0JQ5DAqbMKFHOzuVTgTizF,Dance/Electronic,37i9dQZF1DX2Z30XHoglcl,52yFlmSdrMKFki6gyfEeS5
819,0JQ5DAqbMKFHOzuVTgTizF,Dance/Electronic,37i9dQZF1DX2Z30XHoglcl,5d1zXcg0HzGQbhPuUxOnRd
820,0JQ5DAqbMKFHOzuVTgTizF,Dance/Electronic,37i9dQZF1DX2Z30XHoglcl,4CRtoITEStxovmhZjtITvv
821,0JQ5DAqbMKFHOzuVTgTizF,Dance/Electronic,37i9dQZF1DX2Z30XHoglcl,1DKzkKRFgzQOeOYpcYHxUr
822,0JQ5DAqbMKFHOzuVTgTizF,Dance/Electronic,37i9dQZF1DX2Z30XHoglcl,46uL5HpEOT2v72yZJSwELH
823,0JQ5DAqbMKFHOzuVTgTizF,Dance/Electronic,37i9dQZF1DX2Z30XHoglcl,3f3tK89aYxvuWIxJ4NQG4b
824,0JQ5DAqbMKFHOzuVTgTizF,Dance/Electronic,37i9dQZF1DX2Z30XHoglcl,4t5R35AR2cnlgMBePKCCEW
825,0JQ5DAqbMKFHOzuVTgTizF,Dance/Electronic,37i9dQZF1DX2Z30XHoglcl,3WexwMVGQIvqWOisDxNnlc
826,0JQ5DAqbMKFHOzuVTgTizF,Dance/Electronic,37i9dQZF1DX2Z30XHoglcl,1vUNxzxqQhTW0TXYIeZWA0
827,0JQ5DAqbMKFHOzuVTgTizF,Dance/Electronic,37i9dQZF1DX2Z30XHoglcl,3FH8LnrZIaMQANLRwsndwM
828,0JQ5DAqbMKFHOzuVTgTizF,Dance/Electronic,37i9dQZF1DX2Z30XHoglcl,2b57BfjsO8zDs6OP08KMu1
829,0JQ5DAqbMKFHOzuVTgTizF,Dance/Electronic,37i9dQZF1DX2Z30XHoglcl,3hv4Cr7KyfsAQFUL8ie4fu
830,0JQ5DAqbMKFHOzuVTgTizF,Dance/Electronic,37i9dQZF1DX2Z30XHoglcl,1ab6xHQxx60eRDoivRClwy
831,0JQ5DAqbMKFHOzuVTgTizF,Dance/Electronic,37i9dQZF1DX2Z30XHoglcl,3WxCQtOh7zMhp9TmdOWTrv
832,0JQ5DAqbMKFHOzuVTgTizF,Dance/Electronic,37i9dQZF1DX2Z30XHoglcl,3ob7kbzObr4qcBotT9PDkk
833,0JQ5DAqbMKFHOzuVTgTizF,Dance/Electronic,37i9dQZF1DX2Z30XHoglcl,78nBeVuaVc9j42dZf4oUFD
834,0JQ5DAqbMKFHOzuVTgTizF,Dance/Electronic,37i9dQZF1DX2Z30XHoglcl,56NWW6Srp9NDvp25sBcsrH
835,0JQ5DAqbMKFHOzuVTgTizF,Dance/Electronic,37i9dQZF1DX2Z30XHoglcl,01KK78O7YTDH6RKEQ3A66e
836,0JQ5DAqbMKFHOzuVTgTizF,Dance/Electronic,37i9dQZF1DX2Z30XHoglcl,6Pf8irrtz21jJrehbWGh4A
837,0JQ5DAqbMKFHOzuVTgTizF,Dance/Electronic,37i9dQZF1DX2Z30XHoglcl,6Vxl0NY9KCvN30s50X83xr
838,0JQ5DAqbMKFHOzuVTgTizF,Dance/Electronic,37i9dQZF1DX2Z30XHoglcl,48dLS5Y0NsoT05MntuAoUJ
839,0JQ5DAqbMKFHOzuVTgTizF,Dance/Electronic,37i9dQZF1DX2Z30XHoglcl,0MCAExnM6vujhDTnhVTbY2
840,0JQ5DAqbMKFHOzuVTgTizF,Dance/Electronic,37i9dQZF1DX2Z30XHoglcl,4u7T1AzhtXXA35RG6OtftV
841,0JQ5DAqbMKFHOzuVTgTizF,Dance/Electronic,37i9dQZF1DX2Z30XHoglcl,3AkAtnwBQLtVWnIknB1q1L
842,0JQ5DAqbMKFHOzuVTgTizF,Dance/Electronic,37i9dQZF1DX2Z30XHoglcl,25nFmQOVuiRXW1U8JFlWIq
843,0JQ5DAqbMKFHOzuVTgTizF,Dance/Electronic,37i9dQZF1DX2Z30XHoglcl,4GIqYjYvmTDCTXD9cS9g9L
844,0JQ5DAqbMKFHOzuVTgTizF,Dance/Electronic,37i9dQZF1DX2Z30XHoglcl,0ssLzzr70end7OrDaG7OfW
845,0JQ5DAqbMKFHOzuVTgTizF,Dance/Electronic,37i9dQZF1DX2Z30XHoglcl,76NJGaCcLHVdvmV67ewC03
846,0JQ5DAqbMKFHOzuVTgTizF,Dance/Electronic,37i9dQZF1DX2Z30XHoglcl,28nbOWxKUQBh2P0RE5xLff
847,0JQ5DAqbMKFHOzuVTgTizF,Dance/Electronic,37i9dQZF1DX2Z30XHoglcl,2VpeEJCZg50mu8WOyPiELV
848,0JQ5DAqbMKFHOzuVTgTizF,Dance/Electronic,37i9dQZF1DX2Z30XHoglcl,5bNK1ScLN9KxPvr0pWWA0Y
849,0JQ5DAqbMKFHOzuVTgTizF,Dance/Electronic,37i9dQZF1DX2Z30XHoglcl,52yFlmSdrMKFki6gyfEeS5
850,0JQ5DAqbMKFHOzuVTgTizF,Dance/Electronic,37i9dQZF1DX2Z30XHoglcl,5d1zXcg0HzGQbhPuUxOnRd
851,0JQ5DAqbMKFHOzuVTgTizF,Dance/Electronic,37i9dQZF1DX2Z30XHoglcl,4CRtoITEStxovmhZjtITvv
852,0JQ5DAqbMKFHOzuVTgTizF,Dance/Electronic,37i9dQZF1DX2Z30XHoglcl,1DKzkKRFgzQOeOYpcYHxUr
853,0JQ5DAqbMKFHOzuVTgTizF,Dance/Electronic,37i9dQZF1DX2Z30XHoglcl,46uL5HpEOT2v72yZJSwELH
854,0JQ5DAqbMKFHOzuVTgTizF,Dance/Electronic,37i9dQZF1DX2Z30XHoglcl,3f3tK89aYxvuWIxJ4NQG4b
855,0JQ5DAqbMKFHOzuVTgTizF,Dance/Electronic,37i9dQZF1DX2Z30XHoglcl,4t5R35AR2cnlgMBePKCCEW
856,0JQ5DAqbMKFHOzuVTgTizF,Dance/Electronic,37i9dQZF1DX2Z30XHoglcl,3WexwMVGQIvqWOisDxNnlc
857,0JQ5DAqbMKFHOzuVTgTizF,Dance/Electronic,37i9dQZF1DX2Z30XHoglcl,1vUNxzxqQhTW0TXYIeZWA0
858,0JQ5DAqbMKFHOzuVTgTizF,Dance/Electronic,37i9dQZF1DX2Z30XHoglcl,3FH8LnrZIaMQANLRwsndwM
859,0JQ5DAqbMKFHOzuVTgTizF,Dance/Electronic,37i9dQZF1DX2Z30XHoglcl,2b57BfjsO8zDs6OP08KMu1
860,0JQ5DAqbMKFHOzuVTgTizF,Dance/Electronic,37i9dQZF1DX2Z30XHoglcl,3hv4Cr7KyfsAQFUL8ie4fu
861,0JQ5DAqbMKFHOzuVTgTizF,Dance/Electronic,37i9dQZF1DX2Z30XHoglcl,1ab6xHQxx60eRDoivRClwy
862,0JQ5DAqbMKFHOzuVTgTizF,Dance/Electronic,37i9dQZF1DX2Z30XHoglcl,3WxCQtOh7zMhp9TmdOWTrv
863,0JQ5DAqbMKFHOzuVTgTizF,Dance/Electronic,37i9dQZF1DX2Z30XHoglcl,3ob7kbzObr4qcBotT9PDkk
864,0JQ5DAqbMKFHOzuVTgTizF,Dance/Electronic,37i9dQZF1DX2Z30XHoglcl,78nBeVuaVc9j42dZf4oUFD
865,0JQ5DAqbMKFHOzuVTgTizF,Dance/Electronic,37i9dQZF1DX2Z30XHoglcl,56NWW6Srp9NDvp25sBcsrH
866,0JQ5DAqbMKFHOzuVTgTizF,Dance/Electronic,37i9dQZF1DX2Z30XHoglcl,01KK78O7YTDH6RKEQ3A66e
867,0JQ5DAqbMKFHOzuVTgTizF,Dance/Electronic,37i9dQZF1DX2Z30XHoglcl,6Pf8irrtz21jJrehbWGh4A
868,0JQ5DAqbMKFHOzuVTgTizF,Dance/Electronic,37i9dQZF1DX2Z30XHoglcl,6Vxl0NY9KCvN30s50X83xr
869,0JQ5DAqbMKFHOzuVTgTizF,Dance/Electronic,37i9dQZF1DX2Z30XHoglcl,48dLS5Y0NsoT05MntuAoUJ
