id,name,explicit,available_markets,popularity,album_id,artist_id,extract_date
6wuASGjSmuoGXdWsBH7X4U,Eyes,0,183,60,3sAuWSoICmCl9cx6uBr4Ft,4GvEc3ANtPPjt1ZJllr5Zl,2023-04-18 12:24:52.395375
1oaNA9pW7LMxOVesTbuzwF,Casamigos Nights,1,184,50,4bOSKl0Hlmi5jXWxcxhHgs,3KNIG74xSTc3dj0TRy7pGX,2023-04-18 12:24:52.395375
3V6M4KzhY9i9MYivxbZsmG,Games Women Play,1,184,48,4bOSKl0Hlmi5jXWxcxhHgs,3KNIG74xSTc3dj0TRy7pGX,2023-04-18 12:24:52.395375
1ojviuT9dnSaSBp5JLgrg3,The Way You Rock,0,184,49,4bOSKl0Hlmi5jXWxcxhHgs,3KNIG74xSTc3dj0TRy7pGX,2023-04-18 12:24:52.395375
2ar3bdXAIbWp4vTuYHryVV,Lonely Winters,1,184,49,4bOSKl0Hlmi5jXWxcxhHgs,3KNIG74xSTc3dj0TRy7pGX,2023-04-18 12:24:52.395375
24KsIgn3IsG6N5e43XQvvx,Waterfalls,1,184,49,4bOSKl0Hlmi5jXWxcxhHgs,3KNIG74xSTc3dj0TRy7pGX,2023-04-18 12:24:52.395375
1uNceGQIqxq8VR77PHy1gk,Under My Spell,1,184,48,4bOSKl0Hlmi5jXWxcxhHgs,3KNIG74xSTc3dj0TRy7pGX,2023-04-18 12:24:52.395375
7dKKGLfPUPPp4YsAke8iWE,Distant Lover,1,184,56,4bOSKl0Hlmi5jXWxcxhHgs,3KNIG74xSTc3dj0TRy7pGX,2023-04-18 12:24:52.395375
7jGMzM2U1lHn3ZmFxFyizv,Angel Dust,1,184,48,4bOSKl0Hlmi5jXWxcxhHgs,3KNIG74xSTc3dj0TRy7pGX,2023-04-18 12:24:52.395375
5S7WIT0rglr6IEICW9uerv,2am in Dallas,1,184,49,4bOSKl0Hlmi5jXWxcxhHgs,3KNIG74xSTc3dj0TRy7pGX,2023-04-18 12:24:52.395375
6Q1Gahj6pvWaAYLvJ7Vuq5,Can't Help Who You Love,1,184,48,4bOSKl0Hlmi5jXWxcxhHgs,3KNIG74xSTc3dj0TRy7pGX,2023-04-18 12:24:52.395375
2Jdcex9fUlEa22xXWWziBA,Kissing On Your Tattoos,1,184,48,4bOSKl0Hlmi5jXWxcxhHgs,3KNIG74xSTc3dj0TRy7pGX,2023-04-18 12:24:52.395375
6fN0QjZLHZmX1OqcrYBBwE,Pussy Papa,1,184,48,4bOSKl0Hlmi5jXWxcxhHgs,3KNIG74xSTc3dj0TRy7pGX,2023-04-18 12:24:52.395375
4j46Ri1jXwnY8IYr21F2gk,You Got it (Interlude),1,184,47,4bOSKl0Hlmi5jXWxcxhHgs,3KNIG74xSTc3dj0TRy7pGX,2023-04-18 12:24:52.395375
67ZjYCjGCK5jMXTW7GhGRY,Till The Death,1,184,47,4bOSKl0Hlmi5jXWxcxhHgs,3KNIG74xSTc3dj0TRy7pGX,2023-04-18 12:24:52.395375
1r2EL2FvEnyOPjoMf6AHYX,Stingy,1,184,47,4bOSKl0Hlmi5jXWxcxhHgs,3KNIG74xSTc3dj0TRy7pGX,2023-04-18 12:24:52.395375
4VGvaHir2FQ4WMKn3GS9AS,願與愁,0,184,51,0pYQlD1qbda3xD2RNNj4F3,7Dx7RhX0mFuXhCOUgB01uM,2023-04-18 12:24:52.395375
2dyHXh5dfquUdH2ci30ZSI,太阳与地球,0,183,31,6nD2McHVXlAo9NUl96FjQk,5hFV5x9k9vxFmKFneJIVp5,2023-04-18 12:24:52.395375
7wOIdJkbhLcmA0vniQiVVJ,Your Mind Is Not Your Friend (feat. Phoebe Bridgers),0,184,62,78QvpShQvtm7mk3Ghjqqa3,2cCUtGK9sDU2EoElnk0GNB,2023-04-18 12:24:52.395375
61gNWcpFdezb20Oc4uMrr6,Drunk On A Flight,0,184,40,7gErkAlkyVUKrDeNnFV9fq,7LlIWfvgWlDBXfxCvCFbuC,2023-04-18 12:24:52.395375
0V1IeCSY8h2Ym2bdnmpvWJ,Make It Better,0,184,41,7gErkAlkyVUKrDeNnFV9fq,7LlIWfvgWlDBXfxCvCFbuC,2023-04-18 12:24:52.395375
3jlXKc2h4RLn8SeAj3ANsJ,Forgive You,0,184,40,7gErkAlkyVUKrDeNnFV9fq,7LlIWfvgWlDBXfxCvCFbuC,2023-04-18 12:24:52.395375
29jgbCpIl9ZErMohP7s4Wc,Pretend,0,184,38,7gErkAlkyVUKrDeNnFV9fq,7LlIWfvgWlDBXfxCvCFbuC,2023-04-18 12:24:52.395375
1BAi9pmRfwjGGWrv7GuRcP,Friends Who Kiss,0,184,39,7gErkAlkyVUKrDeNnFV9fq,7LlIWfvgWlDBXfxCvCFbuC,2023-04-18 12:24:52.395375
75YBkVdPNyqa1gLCK9SZaK,Therapist,0,184,38,7gErkAlkyVUKrDeNnFV9fq,7LlIWfvgWlDBXfxCvCFbuC,2023-04-18 12:24:52.395375
6DcI73tbK4PoyI3GGV4zZS,I Take It Back,0,184,47,7gErkAlkyVUKrDeNnFV9fq,7LlIWfvgWlDBXfxCvCFbuC,2023-04-18 12:24:52.395375
7AVdpXp5UBIu4DAwr67n8O,Cold As The Sea,0,184,38,7gErkAlkyVUKrDeNnFV9fq,7LlIWfvgWlDBXfxCvCFbuC,2023-04-18 12:24:52.395375
3Pu4rERC1tWGgghSkaA9ag,In Another Year,0,184,38,7gErkAlkyVUKrDeNnFV9fq,7LlIWfvgWlDBXfxCvCFbuC,2023-04-18 12:24:52.395375
17wRNRiO8LZLP79mf8Fri7,Vanilla Tobacco,0,184,36,7gErkAlkyVUKrDeNnFV9fq,7LlIWfvgWlDBXfxCvCFbuC,2023-04-18 12:24:52.395375
7wCFToKO63HYn4oP6xZMHh,Giant Feelings,1,184,36,7gErkAlkyVUKrDeNnFV9fq,7LlIWfvgWlDBXfxCvCFbuC,2023-04-18 12:24:52.395375
63MO36Xj1v0BpjAKj7CJMi,Tired Now,0,184,37,7gErkAlkyVUKrDeNnFV9fq,7LlIWfvgWlDBXfxCvCFbuC,2023-04-18 12:24:52.395375
7vLdUdtQinRrLEZdmocQLS,Nothing's Free,0,184,41,6DwEWwprdASbI7T0sI6q8v,6mKqFxGMS5TGDZI3XkT5Rt,2023-04-18 12:24:52.395375
0FFFiX7StlRc865CB01DRQ,Forever Means,0,184,40,6DwEWwprdASbI7T0sI6q8v,6mKqFxGMS5TGDZI3XkT5Rt,2023-04-18 12:24:52.395375
5cZ0q2VQzkP0DRuNeyJzB4,Time Bandits,0,184,40,6DwEWwprdASbI7T0sI6q8v,6mKqFxGMS5TGDZI3XkT5Rt,2023-04-18 12:24:52.395375
3Da2Ry7cG9zr9GoBFK9eqr,Holding On,0,184,39,6DwEWwprdASbI7T0sI6q8v,6mKqFxGMS5TGDZI3XkT5Rt,2023-04-18 12:24:52.395375
0yM2YvOGR3cBIoWBeFdtmS,Enjoy Your Life,0,184,56,7Kb95mdNRyzLjpXA7piX3N,3X2DdnmoANw8Rg8luHyZQb,2023-04-18 12:24:52.395375
1MgZanqS8NgAnZURlCx9hF,Strong,0,184,38,7Kb95mdNRyzLjpXA7piX3N,3X2DdnmoANw8Rg8luHyZQb,2023-04-18 12:24:52.395375
0ws8eQLYkwVWWw6oizEtmy,Seaforth,0,181,55,42PzjjlMNrWtKbZW7gseqr,4wyNyxs74Ux8UIDopNjIai,2023-04-18 12:24:52.395375
14SxswD27m3d4Zn7w90P1K,Answered Prayer (feat. Phoelix),0,184,38,57O5Ll1mLkLQgSeOCayVCe,6p70iKebfMSl8zbkiEwOtS;7MNEVabc4cs19CbzAFZmXz;5cM1PvItlR21WUyBnsdMcn,2023-04-18 12:24:52.395375
5T6MaD8kh2Sj5nUEM4DZXE,Breathe (feat. Arin Ray),0,184,42,57O5Ll1mLkLQgSeOCayVCe,6p70iKebfMSl8zbkiEwOtS;7MNEVabc4cs19CbzAFZmXz;5cM1PvItlR21WUyBnsdMcn,2023-04-18 12:24:52.395375
1fNZdF4ZkMmXKIzirsWZi0,Insane (feat. Ant Clemons),0,184,37,57O5Ll1mLkLQgSeOCayVCe,6p70iKebfMSl8zbkiEwOtS;7MNEVabc4cs19CbzAFZmXz;5cM1PvItlR21WUyBnsdMcn,2023-04-18 12:24:52.395375
6WSlb2JFC7RiP7DPsiAr3s,Watts Renaissance,0,184,36,57O5Ll1mLkLQgSeOCayVCe,6p70iKebfMSl8zbkiEwOtS;7MNEVabc4cs19CbzAFZmXz;5cM1PvItlR21WUyBnsdMcn,2023-04-18 12:24:52.395375
39RJfDkli3BkEsW6LN4DrZ,For Granted (feat. Arin Ray & 9th Wonder),0,184,36,57O5Ll1mLkLQgSeOCayVCe,6p70iKebfMSl8zbkiEwOtS;7MNEVabc4cs19CbzAFZmXz;5cM1PvItlR21WUyBnsdMcn,2023-04-18 12:24:52.395375
40Ii9mlwyn3bFs3jW268Lr,Secure (feat. Phoelix & Tank),0,184,35,57O5Ll1mLkLQgSeOCayVCe,6p70iKebfMSl8zbkiEwOtS;7MNEVabc4cs19CbzAFZmXz;5cM1PvItlR21WUyBnsdMcn,2023-04-18 12:24:52.395375
0TuuzZDwssPfVQvgubXsYV,Can't Go (feat. Phoelix),0,184,48,57O5Ll1mLkLQgSeOCayVCe,6p70iKebfMSl8zbkiEwOtS;7MNEVabc4cs19CbzAFZmXz;5cM1PvItlR21WUyBnsdMcn,2023-04-18 12:24:52.395375
008l1VIMJ02yUUyTNSxnyx,The Lower East Side,0,184,34,57O5Ll1mLkLQgSeOCayVCe,6p70iKebfMSl8zbkiEwOtS;7MNEVabc4cs19CbzAFZmXz;5cM1PvItlR21WUyBnsdMcn,2023-04-18 12:24:52.395375
2YEcRgMD9fBvQGXhjoZZCH,Love Love (feat. Arin Ray),0,184,34,57O5Ll1mLkLQgSeOCayVCe,6p70iKebfMSl8zbkiEwOtS;7MNEVabc4cs19CbzAFZmXz;5cM1PvItlR21WUyBnsdMcn,2023-04-18 12:24:52.395375
3BKD1PwArikchz2Zrlp1qi,Baby Don't Hurt Me,0,183,82,327tc3Eruk1HP1w62iqROy,1Cs0zKBU1kc0i8ypK3B9ai;1zNqDE7qDGCsyzJwohVaoX;6AMd49uBDJfhf30Ak2QR5s,2023-04-18 12:24:52.395375
1VtuJxH7jkcOWlcGdQdMRh,Baby Don't Hurt Me - Extended,0,183,62,327tc3Eruk1HP1w62iqROy,1Cs0zKBU1kc0i8ypK3B9ai;1zNqDE7qDGCsyzJwohVaoX;6AMd49uBDJfhf30Ak2QR5s,2023-04-18 12:24:52.395375
3eClq9oJiACXJZuCsErmWr,Dreamer,0,184,69,2lqGGudTqfh9zLgx0CWiSU,7vk5e3vY1uw9plTHJAMwjN,2023-04-18 12:24:52.395375
6pXgWCfqkaYY7XsCs5JfOH,In The Joy (feat. Anderson .Paak),0,184,57,7jf5ctiKWBPBQ6vNrRTI7B,7Dx7RhX0mFuXhCOUgB01uM,2023-04-18 12:24:52.395375
4ofGcbHRWhIsrYJswteQkU,Older ft Jimmie Allen & Dixie D'Amelio,0,184,63,0ulArbgB8WgKtxbuBtKDYO,77AiFEVeAVj2ORpC85QVJs;147nKr9upHZSSxqCzh9j7c;3DKkhRCGOG4e8IUPYFPfWs,2023-04-18 12:24:52.395375
3SQxzzu41bjlCGGDCb83JY,ceilings - Spotify Singles,0,184,60,39pwm6XqSwGxzEm0gVYSL1,1GmsPCcpKgF9OhlNXjOsbS,2023-04-18 12:24:52.395375
66yvX4stoMKIiTcZeDJGpt,A Little Bit of Everything - Spotify Singles,0,184,65,39pwm6XqSwGxzEm0gVYSL1,1GmsPCcpKgF9OhlNXjOsbS,2023-04-18 12:24:52.395375
0eezrc1XfAfhceVFRXdiY4,Who's Taking You Home,0,184,57,6du4ktHaeE4Ot5dpDh57ya,4qBgvVog0wzW75IQ48mU7v;0NIIxcxNHmOoyBx03SfTCD,2023-04-18 12:24:52.395375
1pcrhZd9IM3bS9paToqrd5,Intro,0,181,50,5gajvB2An4u8FXXZHlGsh7,46CitWgnWrvF9t70C2p1Me,2023-04-18 12:24:52.395375
4OMhhmQM3y3XC8ux64nFna,Be On Your Way,0,181,52,5gajvB2An4u8FXXZHlGsh7,46CitWgnWrvF9t70C2p1Me,2023-04-18 12:24:52.395375
6yKSbasXlkDEdrGzkyVqI9,Party,0,181,52,5gajvB2An4u8FXXZHlGsh7,46CitWgnWrvF9t70C2p1Me,2023-04-18 12:24:52.395375
4PXkfv5sg0qAvW7ImFOglp,Dandelion,0,181,53,5gajvB2An4u8FXXZHlGsh7,46CitWgnWrvF9t70C2p1Me,2023-04-18 12:24:52.395375
6AsRcm38TLSwLVFGBiKg14,Neptune,0,181,52,5gajvB2An4u8FXXZHlGsh7,46CitWgnWrvF9t70C2p1Me,2023-04-18 12:24:52.395375
7KtGqsj8TkP3WKgtVJraJW,Swim Back,0,181,50,5gajvB2An4u8FXXZHlGsh7,46CitWgnWrvF9t70C2p1Me,2023-04-18 12:24:52.395375
7d1nafgOpdtm1H68CJeN56,Junkmail,0,181,50,5gajvB2An4u8FXXZHlGsh7,46CitWgnWrvF9t70C2p1Me,2023-04-18 12:24:52.395375
5Jd15aO2FEEVj4ylUs8mdU,Future Lover,0,181,50,5gajvB2An4u8FXXZHlGsh7,46CitWgnWrvF9t70C2p1Me,2023-04-18 12:24:52.395375
1FYvYV8OmWbFtJDoH0tHGs,(Missed Calls),0,181,48,5gajvB2An4u8FXXZHlGsh7,46CitWgnWrvF9t70C2p1Me,2023-04-18 12:24:52.395375
23fcIlXVp6RcCJBMWZHvvx,Isolation,0,181,49,5gajvB2An4u8FXXZHlGsh7,46CitWgnWrvF9t70C2p1Me,2023-04-18 12:24:52.395375
68el6zBDcxiCAYrOxfKC9R,To Rage,0,181,56,5gajvB2An4u8FXXZHlGsh7,46CitWgnWrvF9t70C2p1Me,2023-04-18 12:24:52.395375
3ay2TNWqTDl80wbZVRY7Aw,Wish I Could Cross The Sea,0,181,48,5gajvB2An4u8FXXZHlGsh7,46CitWgnWrvF9t70C2p1Me,2023-04-18 12:24:52.395375
2nVxL1B523h70Gign7W2Le,Passed Me By,0,184,52,3XXKD7oise1AekkRWE9aRu,2RqrWplViWHSGLzlhmDcbt,2023-04-18 12:24:52.395375
5DHTwZEUw1xdt1hmLRGVvW,Done (Let’s Get It),0,184,31,3XXKD7oise1AekkRWE9aRu,2RqrWplViWHSGLzlhmDcbt,2023-04-18 12:24:52.395375
0K7SAnBJyaWWAS7MOhX033,For Granted,0,184,30,3XXKD7oise1AekkRWE9aRu,2RqrWplViWHSGLzlhmDcbt,2023-04-18 12:24:52.395375
4QLqCFAGqvHnjOWCtHTsQL,Veronica Mars,0,105,43,7rG4h8pLLcr6kW30cbSWD8,7qrEXiLLnWkkYHhadZ1Oij,2023-04-18 12:24:52.395375
7f1mKhZ8s6di51f76Qf03E,Kiss City,0,105,39,7rG4h8pLLcr6kW30cbSWD8,7qrEXiLLnWkkYHhadZ1Oij,2023-04-18 12:24:52.395375
2pqi703QQcp2zsuS3NgCii,Olympus,0,105,39,7rG4h8pLLcr6kW30cbSWD8,7qrEXiLLnWkkYHhadZ1Oij,2023-04-18 12:24:52.395375
4wHo9RDSY0elxbeiMpYNLN,Salad,0,105,37,7rG4h8pLLcr6kW30cbSWD8,7qrEXiLLnWkkYHhadZ1Oij,2023-04-18 12:24:52.395375
1oMceEpywwehJQWKGueTlc,Sepsis,0,105,35,7rG4h8pLLcr6kW30cbSWD8,7qrEXiLLnWkkYHhadZ1Oij,2023-04-18 12:24:52.395375
53v7WKXc1wO5G4jhjt355p,Sober Together,1,105,34,7rG4h8pLLcr6kW30cbSWD8,7qrEXiLLnWkkYHhadZ1Oij,2023-04-18 12:24:52.395375
27q2n59NonHyzNMKXzmaFX,Joiner,0,105,34,7rG4h8pLLcr6kW30cbSWD8,7qrEXiLLnWkkYHhadZ1Oij,2023-04-18 12:24:52.395375
23ftRN9rp1u4wd0pADRchT,Tarmac,0,105,33,7rG4h8pLLcr6kW30cbSWD8,7qrEXiLLnWkkYHhadZ1Oij,2023-04-18 12:24:52.395375
2fFZuSK5yTfs0gVuwQAldc,Dangerous,0,105,33,7rG4h8pLLcr6kW30cbSWD8,7qrEXiLLnWkkYHhadZ1Oij,2023-04-18 12:24:52.395375
5XlcnTmdhoAJBZT1aR4dAd,100-99 (feat. GoldLink),0,184,54,6d0VbhJaKP5a4snEUTFmGg,1Li0eIWeMeWcOOWpImcG9H;5XenQ7XfcvQdfIbpLEFaKQ,2023-04-18 12:24:52.395375
2bTDJaOn3kEBse2wCKugBP,Carry Me Out,0,184,68,78BtIMQEsMAc7sxhFeKnRB,4l1q0z9xeJcJw73Gxc6gCB,2023-04-18 12:24:52.395375
7qqrbqHcX0UMSI1SsYVVf6,謝幕,0,184,62,0lkZgRyVYqPgQqe8z3N0Ls,7Dx7RhX0mFuXhCOUgB01uM,2023-04-18 12:24:52.395375
5dPmZjkMi2OdSpbfgK7MbX,第一章: 新的一天,0,183,13,5dyyPQSKBBVcJfWZ3J9mEf,5wtspqsX3OxPu1JTRQTqus,2023-04-18 12:24:52.395375
2f5pdicJpuT1wxuVe2RU1b,你是我的情人节,0,183,15,5dyyPQSKBBVcJfWZ3J9mEf,5wtspqsX3OxPu1JTRQTqus,2023-04-18 12:24:52.395375
6MIgUvbELVf2MwWOre3DzD,What Have I Become,0,183,13,5dyyPQSKBBVcJfWZ3J9mEf,5wtspqsX3OxPu1JTRQTqus,2023-04-18 12:24:52.395375
1NnmgmsDkJpHdPcjwpPD8U,分手意义,0,183,13,5dyyPQSKBBVcJfWZ3J9mEf,5wtspqsX3OxPu1JTRQTqus,2023-04-18 12:24:52.395375
6jJf04Ko4SkCKkbYHSnQur,天晴预告,0,183,37,5dyyPQSKBBVcJfWZ3J9mEf,5wtspqsX3OxPu1JTRQTqus,2023-04-18 12:24:52.395375
57sVSyUTXyeTJzp5XCToWk,最终章: 流星滑落,0,183,11,5dyyPQSKBBVcJfWZ3J9mEf,5wtspqsX3OxPu1JTRQTqus,2023-04-18 12:24:52.395375
4tf0AOqQ0LwnLzlI8UGHdy,一刹那花火,0,183,14,5dyyPQSKBBVcJfWZ3J9mEf,5wtspqsX3OxPu1JTRQTqus,2023-04-18 12:24:52.395375
16vUeW77F6Xiz1irHBvTAM,Say Say Say (feat. Paul McCartney & Michael Jackson),0,184,76,1oIy8CYApH9VUB73DqUvPT,23fqKkggKUBHNkbKtXEls4,2023-04-18 12:24:52.395375
28a0aMV1OKoyNiCJuNsWrY,That’s Not How This Works (feat. Dan + Shay),0,183,81,67IEDkeGYxOvS2RvcarzrT,6VuMaDnrHyPL1p4EHjYLi7;7z5WFjZAIYejWy0NI5lv4T,2023-04-18 12:24:52.395375
0LdAEUc7gyEY6xIG9y3lLM,Candle Flame,0,184,71,0CYQHh2Xwv6Jv30TUBvTjH,59oA5WbbQvomJz2BuRG071;2mQLwfvZtvtTbipKn3xHmK,2023-04-18 12:24:52.395375
6C8nmYYiWCess3VeX3z8ub,No Explanations,0,183,57,5DfXqXeruwDNlfcCxxjKN9,0HS00NN7MAfF59aJnfcxSO;3fjs4zbBFxEFFe8Wyojo0G;0ygjYRcmPUdSwSnN47xq8F,2023-04-18 12:24:52.395375
01VucvkCLw0DXv4o4dEe72,Rockstar,0,184,30,2IKwJMDlZQxvocJgWLTDLT,4xerUCsurnILh4KpC5FVWX,2023-04-18 12:24:52.395375
6ffC9UAWjTmkzySSA8fU5W,Love As,0,184,31,2IKwJMDlZQxvocJgWLTDLT,4xerUCsurnILh4KpC5FVWX,2023-04-18 12:24:52.395375
1eWpA6aUwj0rte0pfTQaB6,Lately,1,184,32,2IKwJMDlZQxvocJgWLTDLT,4xerUCsurnILh4KpC5FVWX,2023-04-18 12:24:52.395375
2lxwvwNTCT6T2k9agnujeO,Feelings,0,184,40,2IKwJMDlZQxvocJgWLTDLT,4xerUCsurnILh4KpC5FVWX,2023-04-18 12:24:52.395375
3s4G6XbnAeAKv0AWjH6jdn,Nowhere,0,184,31,2IKwJMDlZQxvocJgWLTDLT,4xerUCsurnILh4KpC5FVWX,2023-04-18 12:24:52.395375
0gHAvuqJcbCK80MLDiazsf,Sunset Tower In The Rain,0,179,16,3RtfM1haEzNzgmANkQPcLJ,0Q6X1jqwOVQuclYp2P1bub,2023-04-18 12:24:52.395375
4t3wd9PwZcdtBwPzGtUlF3,Avatars Of Love (Lindstrøm Remix),0,179,12,3RtfM1haEzNzgmANkQPcLJ,0Q6X1jqwOVQuclYp2P1bub,2023-04-18 12:24:52.395375
4mLZs06q4pO8b6XjgMTQwb,O Amor Ainda Espera,0,179,10,3RtfM1haEzNzgmANkQPcLJ,0Q6X1jqwOVQuclYp2P1bub,2023-04-18 12:24:52.395375
6J2Q47p4O1mbtxHvSQKYsP,Now She Sleeps Beside Me (mmeadows Remix),0,179,9,3RtfM1haEzNzgmANkQPcLJ,0Q6X1jqwOVQuclYp2P1bub,2023-04-18 12:24:52.395375
2YbBUSP4vir7GmiTBasAFk,Turns Out I’m Sentimental After All (Roméo Poirier Rework),0,179,8,3RtfM1haEzNzgmANkQPcLJ,0Q6X1jqwOVQuclYp2P1bub,2023-04-18 12:24:52.395375
7rXQXbK4pQo8DSKlZ9ZSjC,What Makes Me Tick (Early Demo),0,179,7,3RtfM1haEzNzgmANkQPcLJ,0Q6X1jqwOVQuclYp2P1bub,2023-04-18 12:24:52.395375
17StH1fNCxJteDDg8UNV8F,Guarantee That I’d Be Loved (Bayonne Remix),0,179,7,3RtfM1haEzNzgmANkQPcLJ,0Q6X1jqwOVQuclYp2P1bub,2023-04-18 12:24:52.395375
5G7L8J4NrXcIcCAet5iJbQ,Special Needs (Live from Avatars Of Love In The Dead Of The Night),0,179,6,3RtfM1haEzNzgmANkQPcLJ,0Q6X1jqwOVQuclYp2P1bub,2023-04-18 12:24:52.395375
3A0iAez44qlrT5yZsdmRn2,Summer In Reverse (SPARKLE DIVISION Remix),0,179,6,3RtfM1haEzNzgmANkQPcLJ,0Q6X1jqwOVQuclYp2P1bub,2023-04-18 12:24:52.395375
2Wd0jIZnZI0gkze7ux0ZXs,Cut (Bendik HK Remix),0,179,5,3RtfM1haEzNzgmANkQPcLJ,0Q6X1jqwOVQuclYp2P1bub,2023-04-18 12:24:52.395375
089DTQGTayK6NiJua8JxpY,Will We Ever Comprehend (Solo Version),0,179,15,3RtfM1haEzNzgmANkQPcLJ,0Q6X1jqwOVQuclYp2P1bub,2023-04-18 12:24:52.395375
3kFHCZrwXFBS1vPOHbwi1v,The Other Side Of Ecstasy,0,179,8,3RtfM1haEzNzgmANkQPcLJ,0Q6X1jqwOVQuclYp2P1bub,2023-04-18 12:24:52.395375
0nVp5MZ89mkejkMyzJyBdx,Så nære vi var,0,179,8,3RtfM1haEzNzgmANkQPcLJ,0Q6X1jqwOVQuclYp2P1bub,2023-04-18 12:24:52.395375
6jGXS7RaSeqSwl5XyQcjOH,Dead Of The Night (Stina Stjern Cassette Tape Rework),1,179,4,3RtfM1haEzNzgmANkQPcLJ,0Q6X1jqwOVQuclYp2P1bub,2023-04-18 12:24:52.395375
2Wy4jcbU1q8UVLc0I2sefX,Tiden det tar å snu,0,179,5,3RtfM1haEzNzgmANkQPcLJ,0Q6X1jqwOVQuclYp2P1bub,2023-04-18 12:24:52.395375
5Fm36bm3TZ74A9P97Okm3i,Guarantee That I'd Be Loved (Live with KORK),0,179,5,3RtfM1haEzNzgmANkQPcLJ,0Q6X1jqwOVQuclYp2P1bub,2023-04-18 12:24:52.395375
5PF7Arq3P1KPJW2V37lx9b,Alone In The Night (Demo for AURORA),0,179,5,3RtfM1haEzNzgmANkQPcLJ,0Q6X1jqwOVQuclYp2P1bub,2023-04-18 12:24:52.395375
3q2rtM4a9iEmiXEi4bHoLQ,Magnitude Of Love (Live from Avatars Of Love In The Dead Of The Night),0,179,4,3RtfM1haEzNzgmANkQPcLJ,0Q6X1jqwOVQuclYp2P1bub,2023-04-18 12:24:52.395375
3dM4hhMProiNu1ipWq2s2w,Avatars Of Love (Kuhaugen Remix),0,179,4,3RtfM1haEzNzgmANkQPcLJ,0Q6X1jqwOVQuclYp2P1bub,2023-04-18 12:24:52.395375
7Lu2AfX343bBXkz43qcKhY,The Most Savage Joke,0,179,5,3RtfM1haEzNzgmANkQPcLJ,0Q6X1jqwOVQuclYp2P1bub,2023-04-18 12:24:52.395375
3gFsYOUnXcdv39mLehntQE,Stand by Dream,0,184,36,1miLkkuVyfxwrJY9vsJpIO,7L3ELK3RL1ghTrhVo3dwS0,2023-04-18 12:24:52.395375
0tYtfBFJLVn2ITE66FbaLT,By The End Of The Night,0,183,73,0cNb1JOALBpKIZtOxxSabq,0X2BH1fck6amBIoJhDVmmJ,2023-04-18 12:24:52.395375
3KbOflJ5JqHWtmco4PiO3h,The Grants,0,183,76,5HOHne1wzItQlIYmLXLYfZ,00FQb4jTyendYWaN8pK0wa,2023-04-18 12:24:52.395375
0HEzuLLojblUOaUSdmJ9gl,Did you know that there's a tunnel under Ocean Blvd,1,183,78,5HOHne1wzItQlIYmLXLYfZ,00FQb4jTyendYWaN8pK0wa,2023-04-18 12:24:52.395375
6x8g6DxglrzCSwKhv2Q1ee,Sweet,1,183,76,5HOHne1wzItQlIYmLXLYfZ,00FQb4jTyendYWaN8pK0wa,2023-04-18 12:24:52.395375
5nW4z3pfZgJAJ2QTCz9AIE,A&W,1,183,81,5HOHne1wzItQlIYmLXLYfZ,00FQb4jTyendYWaN8pK0wa,2023-04-18 12:24:52.395375
4fFqFgMDP9lY8tqEoArFGq,Judah Smith Interlude,0,183,72,5HOHne1wzItQlIYmLXLYfZ,00FQb4jTyendYWaN8pK0wa,2023-04-18 12:24:52.395375
3MlEryrxCKZkcfX18ZLX96,Candy Necklace (feat. Jon Batiste),0,183,78,5HOHne1wzItQlIYmLXLYfZ,00FQb4jTyendYWaN8pK0wa,2023-04-18 12:24:52.395375
2JFVBojvTHpSZLoyowuZys,Jon Batiste Interlude,0,183,71,5HOHne1wzItQlIYmLXLYfZ,00FQb4jTyendYWaN8pK0wa,2023-04-18 12:24:52.395375
4VL310GGX3b2ixL3sV0Je8,Kintsugi,0,183,73,5HOHne1wzItQlIYmLXLYfZ,00FQb4jTyendYWaN8pK0wa,2023-04-18 12:24:52.395375
1BUckPDAi8NYfLN7EiQcQA,Fingertips,1,183,73,5HOHne1wzItQlIYmLXLYfZ,00FQb4jTyendYWaN8pK0wa,2023-04-18 12:24:52.395375
0Oqxt6JixieLHbwMfnJGWO,"Paris, Texas (feat. SYML)",0,183,81,5HOHne1wzItQlIYmLXLYfZ,00FQb4jTyendYWaN8pK0wa,2023-04-18 12:24:52.395375
55LnC7VuUvayQ3fW0CvDL6,Grandfather please stand on the shoulders of my father while he's deep-sea fishing (feat. RIOPY),0,183,74,5HOHne1wzItQlIYmLXLYfZ,00FQb4jTyendYWaN8pK0wa,2023-04-18 12:24:52.395375
4qG7hWhljsqqENL5PaLA2z,Let The Light In (feat. Father John Misty),0,183,78,5HOHne1wzItQlIYmLXLYfZ,00FQb4jTyendYWaN8pK0wa,2023-04-18 12:24:52.395375
1o82DwNisONAd2mu1RcGE6,Margaret (feat. Bleachers),0,183,74,5HOHne1wzItQlIYmLXLYfZ,00FQb4jTyendYWaN8pK0wa,2023-04-18 12:24:52.395375
4Cg9XRHLP3s5ZiQaIdL4zW,Fishtail,0,183,76,5HOHne1wzItQlIYmLXLYfZ,00FQb4jTyendYWaN8pK0wa,2023-04-18 12:24:52.395375
2Rlso2ZNV0PaWwUYeeBYxx,Peppers (feat. Tommy Genesis),1,183,80,5HOHne1wzItQlIYmLXLYfZ,00FQb4jTyendYWaN8pK0wa,2023-04-18 12:24:52.395375
79wgotDiVZml9PiTtNtYBA,Taco Truck x VB,1,183,77,5HOHne1wzItQlIYmLXLYfZ,00FQb4jTyendYWaN8pK0wa,2023-04-18 12:24:52.395375
5YbGrhQCpOT4aOTlFgACke,SunKissing,0,183,75,7lAb1k0oyiwz7WONpINl5A,5p7f24Rk5HkUZsaS3BLG5F,2023-04-18 12:24:52.395375
5zqdoQXjMmqb1GyzTKa4E9,Love From The Other Side,0,183,71,5mWnMYLnfcnkDOCojHW6O1,4UXqAaa6dQYAk18Lv7PEgX,2023-04-18 12:24:52.395375
562RwVsxP4JjNCbXH4dDcy,Heartbreak Feels So Good,0,183,70,5mWnMYLnfcnkDOCojHW6O1,4UXqAaa6dQYAk18Lv7PEgX,2023-04-18 12:24:52.395375
7u2nN6yhi4SfFyMHLE032Q,Hold Me Like a Grudge,0,183,74,5mWnMYLnfcnkDOCojHW6O1,4UXqAaa6dQYAk18Lv7PEgX,2023-04-18 12:24:52.395375
325pIhoHocYWIMMi5Ik2UB,Fake Out,0,183,71,5mWnMYLnfcnkDOCojHW6O1,4UXqAaa6dQYAk18Lv7PEgX,2023-04-18 12:24:52.395375
69D0E2HjmuE82mGStp0D7Y,"Heaven, Iowa",0,183,70,5mWnMYLnfcnkDOCojHW6O1,4UXqAaa6dQYAk18Lv7PEgX,2023-04-18 12:24:52.395375
0GbJXh142SGBmH9fsiFsEL,So Good Right Now,0,183,68,5mWnMYLnfcnkDOCojHW6O1,4UXqAaa6dQYAk18Lv7PEgX,2023-04-18 12:24:52.395375
1Oi8jp3BvmESVXIPtJ06a5,The Pink Seashell (feat. Ethan Hawke),0,183,65,5mWnMYLnfcnkDOCojHW6O1,4UXqAaa6dQYAk18Lv7PEgX,2023-04-18 12:24:52.395375
6VVqRqoYJ7AXAiYdNjovfX,I Am My Own Muse,0,183,70,5mWnMYLnfcnkDOCojHW6O1,4UXqAaa6dQYAk18Lv7PEgX,2023-04-18 12:24:52.395375
1OTmAYLW3j83NSUx13kjnt,Flu Game,0,183,68,5mWnMYLnfcnkDOCojHW6O1,4UXqAaa6dQYAk18Lv7PEgX,2023-04-18 12:24:52.395375
5ZSqX1dDJ823Dndw94nogY,Baby Annihilation,0,183,65,5mWnMYLnfcnkDOCojHW6O1,4UXqAaa6dQYAk18Lv7PEgX,2023-04-18 12:24:52.395375
4fEKtGayGb3xsbvGbihAoK,The Kintsugi Kid (Ten Years),0,183,68,5mWnMYLnfcnkDOCojHW6O1,4UXqAaa6dQYAk18Lv7PEgX,2023-04-18 12:24:52.395375
14qLydrp6Uxy2kzfmv73TZ,What a Time To Be Alive,0,183,69,5mWnMYLnfcnkDOCojHW6O1,4UXqAaa6dQYAk18Lv7PEgX,2023-04-18 12:24:52.395375
72FVwjVBxIiSxz5QpGRlww,So Much (For) Stardust,0,183,69,5mWnMYLnfcnkDOCojHW6O1,4UXqAaa6dQYAk18Lv7PEgX,2023-04-18 12:24:52.395375
1ENQZlb9iVUnCoN2QtI77e,With All My Heart,0,183,73,7t2qYxQeNwbMVdc5wwaSNa,45eNHdiiabvmbp4erw26rg;164Uj4eKjl6zTBKfJLFKKK,2023-04-18 12:24:52.395375
32IMgcVhysYW12NRvMLp8c,Want It All (feat. Evalyn),0,181,57,22MkBC5l2Zi9atm66fE0Jq,24V5UY0nChKpnb1TBPJhCw;68WwJXWrpo1yVOOIZjLSeT,2023-04-18 12:24:52.395375
7fEI29hmaWcCMPi8VJf33C,Us Without Me,0,184,62,7rQcfmaOYzHKmAlyeuwdTt,73BLwSX6gsNeVzS7DgI4xe,2023-04-18 12:24:52.395375
4xo2cd0kmp3GO1jZzAst1D,Can I Jump?,0,134,59,2oRM1rJALdQfceK3i7SxG3,5pDjmC5mRl7vDJhsjVwNfk,2023-04-18 12:24:52.395375
4feAlo2wgcAtOx6ED9jw2q,Face in the Crowd,0,134,35,2oRM1rJALdQfceK3i7SxG3,5pDjmC5mRl7vDJhsjVwNfk,2023-04-18 12:24:52.395375
6f6jhTzxwvAYhzZrABTO8T,Weekends,1,134,33,2oRM1rJALdQfceK3i7SxG3,5pDjmC5mRl7vDJhsjVwNfk,2023-04-18 12:24:52.395375
2FiWE02UIZU8b6XmAi0SwQ,Driving,0,183,57,6qbsZIWMMfIdwCqtpo1G3m,2TviQllPVEQ7E68Yr4uPKR,2023-04-18 12:24:52.395375
6j5BK1cFX9TjJd5EXHGgAn,The Light,0,183,81,2thP70nudcFpvmRl3AsYRa,4MCBfE4596Uoi2O4DtmEMz,2023-04-18 12:24:52.395375
4Q0MDstOadw92Gncso1llQ,Paper Plane,0,184,56,4dyBDF0ThEiA0o7VSzPkB5,56zJ6PZ3mNPBiBqglW2KxL,2023-04-18 12:24:52.395375
4Fx7GtXOK8k3rxVgKzi6ko,crow's nest (feat. Ollie),1,184,54,2hMXOaCFcRn3ZrZAIefdKE,6bmlMHgSheBauioMgKv2tn,2023-04-18 12:24:52.395375
6B2szCqaT6cpSiyWHI985d,keep our love alive,0,184,39,2hMXOaCFcRn3ZrZAIefdKE,6bmlMHgSheBauioMgKv2tn,2023-04-18 12:24:52.395375
6QgsUMe1nhitvH3CQaqpoL,life in a locker (feat. Jomie & Skinny Atlas),1,184,36,2hMXOaCFcRn3ZrZAIefdKE,6bmlMHgSheBauioMgKv2tn,2023-04-18 12:24:52.395375
7Mj6ZcL9mmguKgofjqgKN4,My Cosmos Is Mine,0,184,66,3QWc9HhBWgk9dIEwOkJx4q,762310PdDnwsDxAQxzQkfX,2023-04-18 12:24:52.395375
5g2GhW0Xdc0HHwUCaKkmRQ,Wagging Tongue,0,184,69,3QWc9HhBWgk9dIEwOkJx4q,762310PdDnwsDxAQxzQkfX,2023-04-18 12:24:52.395375
3p5JD79PQP737dyEY2hnmf,Ghosts Again,0,184,70,3QWc9HhBWgk9dIEwOkJx4q,762310PdDnwsDxAQxzQkfX,2023-04-18 12:24:52.395375
1FD5Ls4IazGePpuS5PphMn,Don't Say You Love Me,0,184,67,3QWc9HhBWgk9dIEwOkJx4q,762310PdDnwsDxAQxzQkfX,2023-04-18 12:24:52.395375
2ARxntdEqBj9MeKFuckr8R,My Favourite Stranger,0,184,67,3QWc9HhBWgk9dIEwOkJx4q,762310PdDnwsDxAQxzQkfX,2023-04-18 12:24:52.395375
4KyjDltC4B68pef319qLjJ,Soul With Me,0,184,65,3QWc9HhBWgk9dIEwOkJx4q,762310PdDnwsDxAQxzQkfX,2023-04-18 12:24:52.395375
7l8CZIiIt5ERP9tg7tArrF,Caroline's Monkey,0,184,65,3QWc9HhBWgk9dIEwOkJx4q,762310PdDnwsDxAQxzQkfX,2023-04-18 12:24:52.395375
2LRqm962By8aNwJX0WxFNG,Before We Drown,0,184,66,3QWc9HhBWgk9dIEwOkJx4q,762310PdDnwsDxAQxzQkfX,2023-04-18 12:24:52.395375
2h4QlHTk5OKkKozTszRYgi,People Are Good,0,184,66,3QWc9HhBWgk9dIEwOkJx4q,762310PdDnwsDxAQxzQkfX,2023-04-18 12:24:52.395375
0Fy8AMzsGc5MVD7fHIVaKn,Always You,0,184,65,3QWc9HhBWgk9dIEwOkJx4q,762310PdDnwsDxAQxzQkfX,2023-04-18 12:24:52.395375
2RfrOEGUK6lakj8PIGvQh6,Never Let Me Go,0,184,66,3QWc9HhBWgk9dIEwOkJx4q,762310PdDnwsDxAQxzQkfX,2023-04-18 12:24:52.395375
4ZFIkAVwQYnmfxXQI1yEl0,Speak To Me,0,184,64,3QWc9HhBWgk9dIEwOkJx4q,762310PdDnwsDxAQxzQkfX,2023-04-18 12:24:52.395375
3QwlKiTMoOzXvOpzvCMUH6,more than friends,1,184,68,3O0sAN2kHcVQ5QqfQL8cyB,5arKwJZEvT5uKq4o0JfqR4,2023-04-18 12:24:52.395375
5I9Syg73cBY7r4POeccPzy,butterflies,0,184,57,3O0sAN2kHcVQ5QqfQL8cyB,5arKwJZEvT5uKq4o0JfqR4,2023-04-18 12:24:52.395375
6bBNc3V3PduYNL22lbed5R,without you,1,184,57,3O0sAN2kHcVQ5QqfQL8cyB,5arKwJZEvT5uKq4o0JfqR4,2023-04-18 12:24:52.395375
6D2HY29PYcdXCicrs55Icx,i don't forgive you,1,184,54,3O0sAN2kHcVQ5QqfQL8cyB,5arKwJZEvT5uKq4o0JfqR4,2023-04-18 12:24:52.395375
2nPOaOSY7HAitNxGGhM0cR,praying,0,184,53,3O0sAN2kHcVQ5QqfQL8cyB,5arKwJZEvT5uKq4o0JfqR4,2023-04-18 12:24:52.395375
23n22VUOFReLqzuaXjYa0r,Smoke (feat. Lucky Daye),0,183,53,4XWjGccLYLFF7TvGjHotmU,63XBtGSEZINSyXylZxEUbv;5Vuvs6Py2JRU7WiFDVsI7J,2023-04-18 12:24:52.395375
5rKxvEnKSeOQbdw8vEo5wF,goodnight kiss,0,183,24,7ygO9kMeqjmADYqdy7ZH3k,0e5blBgpur3Y18wS1bzXQC,2023-04-18 12:24:52.395375
4BKGOLRScQzCal1o6A9XAL,ground zero,0,183,39,7ygO9kMeqjmADYqdy7ZH3k,0e5blBgpur3Y18wS1bzXQC,2023-04-18 12:24:52.395375
0UjtNpjSGZxuRfmJ9ULJG5,nobody but you,0,183,24,7ygO9kMeqjmADYqdy7ZH3k,0e5blBgpur3Y18wS1bzXQC,2023-04-18 12:24:52.395375
7uBfIs0NE7bx88R0obazQ4,space (feat. Teddy Adhitya),0,183,56,7ygO9kMeqjmADYqdy7ZH3k,0e5blBgpur3Y18wS1bzXQC,2023-04-18 12:24:52.395375
6gVIrj4H3rmXYZnFXxtEl3,midnight rendezvous,0,176,47,4XAi7fxJkMgdqS73Wjte5J,4wkxDp8esk6g2W9Fw7IQGY,2023-04-18 12:24:52.395375
4lQe11Y0Qu7EoCN9PVFd6P,life as I know it,1,184,45,00cjv8haUkTVHTrMB8ZWep,2PSBYmtNWEm9f8VOSCFFX0,2023-04-18 12:24:52.395375
4FHpcED7VTUXAzUj0XQ9PL,Solace - Reimagined,0,184,22,00cjv8haUkTVHTrMB8ZWep,2PSBYmtNWEm9f8VOSCFFX0,2023-04-18 12:24:52.395375
291zhZPuvOLQ438WoMh2QG,Headspace,1,184,21,00cjv8haUkTVHTrMB8ZWep,2PSBYmtNWEm9f8VOSCFFX0,2023-04-18 12:24:52.395375
3P0vUFGglD2FL8ErAOFoED,The Trip,0,184,20,00cjv8haUkTVHTrMB8ZWep,2PSBYmtNWEm9f8VOSCFFX0,2023-04-18 12:24:52.395375
61pVPN8WoNqWE5ATrVIKg5,Raincloud,0,184,20,00cjv8haUkTVHTrMB8ZWep,2PSBYmtNWEm9f8VOSCFFX0,2023-04-18 12:24:52.395375
38tKvVe3iURKRFm5X50zLZ,this is what losing someone feels like,0,181,76,4fU1IAiidcbKjProAZuoLF,164Uj4eKjl6zTBKfJLFKKK,2023-04-18 12:24:52.395375
4zlbKky2yA657Sk5rekZoR,Baby again..,0,183,76,7J7redEXgOUEsUBXukhkUF,4oLeXFyACqeem2VImYeBFe;5he5w2lnU9x7JFhnwcekXX;7Eu1txygG6nJttLHbZdQOh,2023-04-18 12:24:52.395375
